Id,Id2,Geography,Estimate; Total:,Margin of Error; Total:,"Estimate; Total: - Less than $10,000","Margin of Error; Total: - Less than $10,000","Estimate; Total: - $10,000 to $14,999","Margin of Error; Total: - $10,000 to $14,999","Estimate; Total: - $15,000 to $19,999","Margin of Error; Total: - $15,000 to $19,999","Estimate; Total: - $20,000 to $24,999","Margin of Error; Total: - $20,000 to $24,999","Estimate; Total: - $25,000 to $29,999","Margin of Error; Total: - $25,000 to $29,999","Estimate; Total: - $30,000 to $34,999","Margin of Error; Total: - $30,000 to $34,999","Estimate; Total: - $35,000 to $39,999","Margin of Error; Total: - $35,000 to $39,999","Estimate; Total: - $40,000 to $44,999","Margin of Error; Total: - $40,000 to $44,999","Estimate; Total: - $45,000 to $49,999","Margin of Error; Total: - $45,000 to $49,999","Estimate; Total: - $50,000 to $59,999","Margin of Error; Total: - $50,000 to $59,999","Estimate; Total: - $60,000 to $74,999","Margin of Error; Total: - $60,000 to $74,999","Estimate; Total: - $75,000 to $99,999","Margin of Error; Total: - $75,000 to $99,999","Estimate; Total: - $100,000 to $124,999","Margin of Error; Total: - $100,000 to $124,999","Estimate; Total: - $125,000 to $149,999","Margin of Error; Total: - $125,000 to $149,999","Estimate; Total: - $150,000 to $199,999","Margin of Error; Total: - $150,000 to $199,999","Estimate; Total: - $200,000 or more","Margin of Error; Total: - $200,000 or more"
0500000US04003,4003,"Cochise County, Arizona",11939,1024,1682,734,1169,556,692,358,447,244,1196,598,1182,682,391,284,530,325,466,493,643,390,1000,580,1414,630,487,331,168,159,368,271,104,173
0500000US04005,4005,"Coconino County, Arizona",4625,536,542,416,133,196,157,230,642,382,219,181,481,383,275,240,103,129,307,289,345,354,683,364,300,285,234,185,0,302,204,308,0,302
0500000US04013,4013,"Maricopa County, Arizona",280746,5747,19582,2233,16616,2311,14129,2240,20709,2525,20662,2168,21301,2498,17912,2525,15625,2015,16246,2172,23304,2953,30130,2945,32216,2872,14717,2168,7803,1737,6324,1275,3470,946
0500000US04015,4015,"Mohave County, Arizona",7948,923,388,297,334,259,282,219,646,450,676,494,1138,678,313,217,575,528,793,503,628,535,769,499,903,527,81,137,208,325,137,167,77,134
0500000US04019,4019,"Pima County, Arizona",94276,3501,9479,1564,8014,1503,8952,1528,7572,1562,5617,1199,5780,1262,5552,1200,3234,880,5681,1063,8363,1263,8112,1340,8640,1365,4612,1004,2345,796,1546,592,777,355
0500000US04021,4021,"Pinal County, Arizona",27197,1837,1960,955,1132,733,2349,1129,1934,990,2128,788,1422,673,2427,848,1738,842,1243,812,2077,884,2668,1013,2998,990,2000,785,644,652,477,370,0,302
0500000US04025,4025,"Yavapai County, Arizona",7728,1092,937,478,223,243,277,286,909,648,1050,654,412,299,1052,600,328,297,132,159,337,283,802,484,612,356,476,360,103,166,0,302,78,125
0500000US04027,4027,"Yuma County, Arizona",30992,1968,3666,1077,3273,1128,2134,869,2480,1018,2479,910,2122,983,1897,665,1842,764,1566,752,3171,1014,2933,812,1554,731,936,545,396,355,408,320,135,165
0500000US05007,5007,"Benton County, Arkansas",8176,939,894,685,274,219,1123,585,790,627,838,587,387,268,873,581,648,457,397,310,640,415,517,382,319,226,329,307,57,103,90,121,0,269
0500000US05143,5143,"Washington County, Arkansas",6817,1264,478,380,749,604,672,803,1125,792,188,179,427,416,451,408,937,596,156,156,438,357,171,214,735,631,156,215,0,269,68,117,66,82
0500000US06001,6001,"Alameda County, California",81098,3012,3646,1305,3583,1112,4398,1100,4307,1235,3832,1185,4966,1398,3343,951,4104,1032,3786,993,6840,1542,10542,1471,10303,1844,6723,1325,4545,1160,4005,978,2175,686
0500000US06007,6007,"Butte County, California",7952,1091,496,304,1009,533,411,339,818,330,173,145,870,588,609,419,791,587,587,331,347,229,883,587,471,310,248,183,97,129,119,123,23,52
0500000US06013,6013,"Contra Costa County, California",60386,2447,2406,791,1341,502,3356,1155,2976,1038,3686,1029,2653,854,3321,998,3461,1009,3532,1186,4845,1092,6359,1377,8789,1507,4995,1116,2737,819,3048,817,2881,896
0500000US06017,6017,"El Dorado County, California",5664,804,0,294,308,313,39,67,747,546,131,166,246,257,240,227,398,378,570,429,224,173,574,370,575,449,587,409,125,151,541,445,359,392
0500000US06019,6019,"Fresno County, California",112200,2850,9057,1601,9439,1525,10215,1924,9524,1771,8075,1668,9510,1905,8191,1651,6007,1428,5980,1169,8591,1577,7785,1481,8612,1441,5949,1398,2452,877,1632,604,1181,451
0500000US06025,6025,"Imperial County, California",33820,1604,3368,927,3139,1026,3584,1035,2744,837,1878,747,2029,718,1514,659,2047,829,1805,777,2219,747,3486,945,3092,939,1678,570,364,251,666,403,207,174
0500000US06029,6029,"Kern County, California",91327,2988,8465,1534,7653,1495,7744,1486,7452,1671,7104,1564,6526,1411,5429,1282,5474,1375,4590,1260,7295,1386,7375,1144,8524,1532,4024,1180,1754,634,1444,592,474,310
0500000US06031,6031,"Kings County, California",15626,959,964,417,1356,584,1501,619,705,478,878,378,971,501,1079,596,1140,521,1020,472,1108,510,1180,496,1512,671,1524,636,268,241,154,131,266,229
0500000US06037,6037,"Los Angeles County, California",1149772,8106,66093,4012,72419,4682,77117,4528,85171,4902,76288,4501,73826,4399,63032,4302,61757,3662,56713,4198,100197,4842,126270,4833,125107,5690,75629,3791,36057,3196,33243,3365,20853,2556
0500000US06039,6039,"Madera County, California",15288,1463,1344,668,1361,511,1049,582,1346,687,854,441,334,217,1692,753,1407,536,920,545,1393,526,795,438,1380,592,498,334,443,364,171,175,301,280
0500000US06041,6041,"Marin County, California",10831,1319,72,122,562,490,662,555,223,231,353,325,1733,967,287,311,535,436,618,491,926,741,343,292,1927,795,0,294,791,664,744,623,1055,770
0500000US06047,6047,"Merced County, California",32146,1620,3329,1026,2545,856,2777,902,3204,953,2179,739,2028,823,1363,562,1990,833,1562,593,2713,868,3682,1069,2571,894,1298,593,555,289,243,270,107,132
0500000US06053,6053,"Monterey County, California",48020,2228,1720,694,2679,959,2579,835,2493,965,4384,1400,3085,990,2440,850,2428,990,3133,1015,5659,1350,6316,1234,5247,1022,2639,869,1857,977,648,377,713,406
0500000US06055,6055,"Napa County, California",10875,969,77,135,600,421,507,344,1308,767,464,381,752,721,1118,690,596,433,496,433,836,564,1182,586,1664,746,288,272,332,218,478,372,177,196
0500000US06059,6059,"Orange County, California",223898,4355,8161,1370,8232,1594,10111,1909,11150,1715,10990,2097,10281,1619,11781,1764,12531,2209,12212,2044,21213,2463,27561,2431,30577,2702,19714,2229,11674,1865,10557,1666,7153,1366
0500000US06061,6061,"Placer County, California",11326,1040,510,343,165,166,341,306,109,134,547,415,122,157,984,560,357,210,649,486,1629,598,1514,515,1241,422,1990,692,354,261,346,223,468,263
0500000US06065,6065,"Riverside County, California",213832,5051,10381,1669,9600,1479,10658,1470,16555,2146,11986,1922,15539,2308,11635,1696,12219,1770,9376,1719,21428,2279,26767,2753,26686,2695,14617,1799,8039,1791,5996,1471,2350,726
0500000US06067,6067,"Sacramento County, California",74523,2823,3430,995,4267,963,3516,1043,4618,982,3775,1140,5596,1186,4391,977,6216,1212,3560,986,8276,1560,8332,1209,8475,1419,5524,1120,1441,555,1868,731,1238,553
0500000US06071,6071,"San Bernardino County, California",216557,3980,11016,1557,9656,1731,10765,1816,11809,1622,12171,2104,13488,2084,12518,1964,13163,1749,12263,1777,19175,2499,27374,2795,28609,3092,15841,2075,8758,1759,6315,1164,3636,1172
0500000US06073,6073,"San Diego County, California",236811,4574,15729,2209,12875,1925,14807,2266,17015,2266,13705,2032,14923,2548,13372,2144,13422,1948,11489,1747,19874,2504,22360,2415,27938,3053,17608,2272,8001,1446,9650,1478,4043,1000
0500000US06075,6075,"San Francisco County, California",32997,2796,2552,775,1796,758,1251,618,1640,673,1925,815,1294,595,1242,626,2027,856,1578,662,2231,743,3812,1198,4758,1167,1997,655,1516,679,2013,748,1365,588
0500000US06077,6077,"San Joaquin County, California",60845,2265,4038,1067,4537,982,3118,888,4854,1196,3826,1216,4013,1092,3688,941,2354,817,3021,1006,6304,1318,5494,1272,6925,1389,3848,1114,1897,793,2207,934,721,585
0500000US06079,6079,"San Luis Obispo County, California",12575,1169,645,302,532,417,704,403,1352,722,748,437,872,458,902,503,275,292,761,470,1463,642,1602,625,1125,545,745,389,238,194,316,274,295,271
0500000US06081,6081,"San Mateo County, California",44597,1991,1739,739,1532,774,1602,769,2059,1124,2327,894,2612,897,1797,728,3013,989,2102,775,4104,1128,4368,984,5960,1360,3719,1073,2528,806,2831,832,2304,964
0500000US06083,6083,"Santa Barbara County, California",37908,2046,1653,598,2150,816,2267,680,2703,839,2447,800,2043,731,2567,934,1881,670,2002,738,2826,779,4409,1006,4492,1047,3034,920,1510,766,1540,617,384,279
0500000US06085,6085,"Santa Clara County, California",108378,3450,4457,1164,4239,1111,3877,1164,5392,1393,4014,1123,4746,1089,5333,1220,6773,1528,3336,902,11353,1916,12841,2064,16317,1848,9937,1466,5727,1054,5252,1355,4784,1034
0500000US06087,6087,"Santa Cruz County, California",18130,1362,988,459,1262,610,1325,610,827,449,849,459,1037,466,710,379,1180,605,1139,574,1888,629,1862,791,2369,697,910,490,639,399,667,383,478,304
0500000US06095,6095,"Solano County, California",22586,1387,964,640,1009,506,652,338,1205,529,587,349,614,410,1373,665,909,544,1019,545,2473,962,3148,867,2666,863,2436,938,1623,674,1589,714,319,211
0500000US06097,6097,"Sonoma County, California",26545,1716,605,374,1097,690,1989,782,2136,753,1341,736,1814,759,1572,597,2118,705,1268,546,2964,903,3012,942,3244,1045,1773,661,838,468,687,423,87,104
0500000US06099,6099,"Stanislaus County, California",48418,1941,2628,865,2213,720,4317,1169,2829,915,3371,1197,3444,1040,2198,705,2463,752,4918,1370,4396,965,5822,1310,4539,938,2500,664,1736,578,843,450,201,172
0500000US06101,6101,"Sutter County, California",6710,783,361,251,910,459,193,209,621,454,615,360,687,409,504,332,332,229,142,179,871,429,694,371,457,291,131,124,22,45,92,98,78,134
0500000US06107,6107,"Tulare County, California",58634,2045,5411,1305,3880,1179,5067,1254,5678,1310,4276,892,3501,988,3669,899,3747,977,2466,734,5241,1378,5857,1265,5387,1116,2214,800,1190,562,791,514,259,276
0500000US06111,6111,"Ventura County, California",69608,2106,3003,843,3028,846,2633,630,3193,881,5010,1206,3043,863,2764,812,4018,1005,2993,1008,6032,1344,7913,1483,11122,1630,6276,1389,3977,1079,2880,930,1723,637
0500000US06113,6113,"Yolo County, California",14843,1131,712,354,933,416,987,471,772,450,1204,642,531,367,1096,548,822,545,1099,525,1623,662,1953,677,1324,525,996,447,413,313,286,217,92,119
0500000US08001,8001,"Adams County, Colorado",43757,1884,2512,868,3144,982,2243,841,3625,992,1782,711,3687,1039,3629,1150,2873,769,1874,743,4764,1263,3970,969,4716,1012,3282,967,995,538,569,401,92,156
0500000US08005,8005,"Arapahoe County, Colorado",25537,1621,1837,750,3556,1065,1803,698,1692,792,2338,831,1933,670,1303,646,745,482,1235,538,2083,772,2976,901,1544,493,1247,553,668,421,337,273,240,191
0500000US08013,8013,"Boulder County, Colorado",10594,1198,597,507,1334,768,673,467,799,392,1058,715,472,429,665,548,317,245,303,223,1256,588,989,509,919,654,371,195,386,261,253,230,202,219
0500000US08031,8031,"Denver County, Colorado",57599,2717,6689,1420,5387,1362,4578,1303,5413,1353,4249,1087,3962,972,3582,1060,2743,972,1365,594,4892,1105,5191,1272,4866,1325,2565,892,1269,793,459,310,389,278
0500000US08041,8041,"El Paso County, Colorado",22950,1412,2173,917,2263,834,1531,645,1044,500,1432,608,1439,589,1491,489,1259,664,1115,450,2085,723,2681,783,2383,671,995,490,424,379,515,361,120,196
0500000US08059,8059,"Jefferson County, Colorado",25714,1559,1608,649,1620,794,1810,851,1751,795,1886,861,2302,1078,1349,712,985,567,1608,695,2359,841,1751,701,2777,885,1546,510,823,441,1253,575,286,229
0500000US08069,8069,"Larimer County, Colorado",8708,1017,993,602,834,560,71,115,1083,527,732,428,471,329,764,478,497,405,523,383,725,472,582,551,848,428,330,234,46,80,101,120,108,127
0500000US08077,8077,"Mesa County, Colorado",5126,686,214,188,412,350,263,221,439,384,372,358,209,229,479,421,279,254,0,275,611,430,1229,567,153,181,256,260,111,182,0,275,99,171
0500000US08101,8101,"Pueblo County, Colorado",20755,1307,3022,984,1724,675,1571,643,1673,734,1063,594,1206,578,1119,473,1737,814,1504,580,1064,469,1823,674,2333,911,440,300,182,193,294,330,0,275
0500000US08123,8123,"Weld County, Colorado",18256,1441,997,395,875,541,1563,691,1684,772,1272,572,756,596,1414,654,1415,659,1727,824,1255,557,2032,785,2047,713,547,352,271,200,246,198,155,147
0500000US09001,9001,"Fairfield County, Connecticut",39937,1964,4231,1026,2412,768,2154,722,2148,725,2200,914,2485,781,1613,662,1363,614,2162,891,3633,902,2884,876,4998,1223,2411,841,1835,819,1306,605,2102,817
0500000US09003,9003,"Hartford County, Connecticut",39316,2033,7275,1295,4053,1108,2495,749,2357,909,1556,701,3197,1071,2812,1191,1458,660,972,395,2404,761,4571,1148,3488,972,742,328,906,461,792,448,238,131
0500000US09009,9009,"New Haven County, Connecticut",34483,1785,5401,1200,2778,979,2322,915,2324,862,1511,710,1321,579,2053,827,1731,829,2147,885,3224,876,2146,634,3748,1123,1769,667,716,435,624,401,668,443
0500000US09011,9011,"New London County, Connecticut",5148,887,582,408,340,253,132,183,288,261,377,285,300,408,136,169,340,263,164,229,413,387,386,288,724,441,491,357,141,162,58,98,276,311
0500000US10003,10003,"New Castle County, Delaware",10651,1158,620,373,833,605,611,483,491,372,921,743,788,488,514,482,601,428,674,476,717,475,1291,638,1067,494,869,483,424,333,117,140,113,141
0500000US10005,10005,"Sussex County, Delaware",3391,556,99,156,48,89,261,238,389,282,503,354,359,311,207,176,64,104,120,191,255,175,518,297,68,72,429,215,0,263,0,263,71,84
0500000US11001,11001,"District of Columbia, District of Columbia",18671,1407,1931,807,1190,729,806,379,1347,689,731,528,1043,696,1275,600,1474,801,441,354,1997,720,1595,670,1632,827,685,414,837,582,618,429,1069,518
0500000US12001,12001,"Alachua County, Florida",5596,957,783,434,374,287,420,374,337,282,0,305,484,327,849,637,204,194,447,398,228,239,290,242,382,311,432,254,113,115,194,195,59,99
0500000US12009,12009,"Brevard County, Florida",12514,1142,627,635,1389,784,840,520,541,361,521,308,873,499,843,534,383,212,797,467,764,475,1502,631,2180,849,769,413,183,168,82,102,220,197
0500000US12011,12011,"Broward County, Florida",129132,4137,7417,1676,4660,1139,5967,1369,9170,1704,7641,1633,6581,1455,7305,1520,5681,1420,7018,1414,12921,2213,13893,2108,16656,2380,9925,1465,5305,1107,4747,1178,4245,936
0500000US12021,12021,"Collier County, Florida",18499,2064,1508,677,708,374,1761,808,1329,559,1852,935,1349,657,1270,616,768,608,1097,640,1447,676,2071,819,1465,549,983,564,227,202,161,167,503,574
0500000US12031,12031,"Duval County, Florida",17311,1064,1000,516,1061,654,580,397,797,478,1233,670,863,553,1223,613,1022,520,1994,898,969,541,1609,568,2594,821,887,537,746,585,395,315,338,348
0500000US12053,12053,"Hernando County, Florida",5614,962,621,359,182,241,171,132,1038,615,611,450,610,456,739,465,193,189,466,648,59,96,765,449,159,153,0,305,0,305,0,305,0,305
0500000US12057,12057,"Hillsborough County, Florida",86785,2571,8122,1526,6112,1144,7073,1472,6873,1539,7447,1622,4940,1184,4708,1252,5081,1152,3721,1088,7917,1594,8161,1435,7584,1271,3686,884,2110,770,1820,534,1430,499
0500000US12069,12069,"Lake County, Florida",7900,1235,336,486,437,289,453,363,377,319,904,551,372,218,368,265,488,427,501,280,1291,541,1153,617,508,451,488,306,0,305,124,162,100,116
0500000US12071,12071,"Lee County, Florida",30260,2109,1889,774,2327,1037,1990,945,2360,988,1948,872,1593,779,1619,780,2386,970,2091,935,2768,1163,4381,1235,2901,1073,1131,666,198,195,290,300,388,429
0500000US12081,12081,"Manatee County, Florida",10646,1169,528,345,1131,626,501,307,1535,638,676,469,1284,658,605,288,898,497,212,208,497,371,1108,656,942,441,151,142,279,219,58,98,241,213
0500000US12083,12083,"Marion County, Florida",10184,1276,1518,560,203,207,719,484,973,577,849,542,1076,579,1071,612,454,396,453,375,1188,785,746,426,427,361,388,411,0,305,47,80,72,119
0500000US12086,12086,"Miami-Dade County, Florida",509107,6281,55702,3308,41464,3564,36030,2971,31248,2970,28807,2957,30937,3340,24545,2973,27715,2861,19683,2275,41907,3608,44469,3008,48082,3709,29579,2872,16198,1900,16032,2213,16709,2149
0500000US12087,12087,"Monroe County, Florida",4414,784,371,317,209,203,334,333,327,292,0,305,522,459,545,424,350,338,201,178,200,263,548,373,318,241,282,294,121,141,0,305,86,144
0500000US12095,12095,"Orange County, Florida",83166,2710,6120,1292,5906,1343,7238,1435,6698,1390,5595,1377,4582,1156,5403,1201,7396,1688,3103,899,7458,1365,8246,1625,8554,1678,2856,882,1789,628,1310,537,912,491
0500000US12097,12097,"Osceola County, Florida",32092,2100,1349,630,1227,694,2744,1164,2372,840,2637,1065,3675,1249,2220,831,2017,725,1530,697,3431,883,4903,1284,1973,710,1438,618,431,465,145,195,0,305
0500000US12099,12099,"Palm Beach County, Florida",62696,2810,3798,1130,3267,902,3727,1076,4719,1195,4061,1090,4339,1352,5155,1077,4312,1209,2938,878,5412,1089,6572,1337,6874,1459,3452,751,939,524,1438,610,1693,525
0500000US12101,12101,"Pasco County, Florida",14282,1386,894,647,944,578,427,297,1137,747,1085,774,1044,750,599,426,328,233,575,425,1164,754,2148,755,1458,587,1388,598,715,447,274,246,102,160
0500000US12103,12103,"Pinellas County, Florida",22568,1729,1838,814,1199,639,1486,705,1591,890,1915,946,1780,855,1742,968,1042,548,1687,844,1870,1004,1758,780,2128,835,1103,541,833,477,313,236,283,258
0500000US12105,12105,"Polk County, Florida",26116,1528,1222,645,2027,735,1406,547,2130,815,2871,1048,1314,560,2350,822,846,335,1792,859,2859,862,2061,749,3714,1034,881,411,260,240,49,79,334,331
0500000US12111,12111,"St. Lucie County, Florida",11425,1360,309,240,902,641,250,213,837,514,408,263,906,461,643,436,909,448,746,674,1589,744,1438,677,1561,781,572,381,78,133,223,207,54,95
0500000US12115,12115,"Sarasota County, Florida",7355,1131,675,497,330,288,396,249,543,333,689,490,429,364,409,366,711,415,322,254,938,572,641,349,445,277,194,155,387,295,246,238,0,305
0500000US12117,12117,"Seminole County, Florida",18747,1435,682,359,627,354,934,471,840,568,2035,1005,1535,771,1529,699,1130,582,663,354,2114,811,1816,655,2196,669,1123,564,795,470,290,244,438,302
0500000US12127,12127,"Volusia County, Florida",18098,1425,1851,829,953,545,906,608,847,526,1327,758,1880,1116,1552,824,949,563,1346,688,2107,774,1643,815,1385,673,693,527,276,270,265,314,118,143
0500000US13063,13063,"Clayton County, Georgia",7014,1185,683,493,489,383,611,416,313,300,482,364,242,228,154,160,650,479,618,529,794,503,795,721,699,449,166,210,151,150,87,150,80,144
0500000US13067,13067,"Cobb County, Georgia",19297,1661,670,547,963,601,840,509,887,564,1599,827,1915,777,1310,759,971,539,1223,666,1990,867,1940,832,1830,609,1196,541,704,399,797,598,462,313
0500000US13089,13089,"DeKalb County, Georgia",20583,1777,1596,911,1325,741,1540,1022,1516,704,1394,809,2343,1090,704,397,1354,654,606,479,1605,863,2546,1044,2414,963,810,558,296,306,333,261,201,235
0500000US13121,13121,"Fulton County, Georgia",20179,2477,1537,875,1475,785,771,593,2091,1012,1049,586,1978,905,1627,641,1158,782,437,437,1861,805,1264,640,1915,793,1433,612,267,240,120,156,1196,695
0500000US13135,13135,"Gwinnett County, Georgia",31513,1741,1354,573,1777,731,1986,882,2865,882,2123,827,2806,1015,2885,944,1431,754,1883,713,3364,976,3198,997,2969,788,1866,916,228,189,409,326,369,248
0500000US13139,13139,"Hall County, Georgia",10267,1177,331,416,420,428,828,640,648,472,1381,832,1020,711,601,438,796,732,853,614,987,679,861,430,473,371,438,291,15,27,546,459,69,131
0500000US13313,13313,"Whitfield County, Georgia",7201,822,637,561,439,437,264,256,678,360,264,284,415,420,514,467,281,334,835,530,1018,588,1024,644,552,482,0,298,218,299,62,93,0,298
0500000US15001,15001,"Hawaii County, Hawaii",4956,730,563,326,105,99,198,214,60,70,275,201,268,184,218,220,118,101,379,374,301,262,376,437,795,546,695,353,294,368,311,350,0,275
0500000US15003,15003,"Honolulu County, Hawaii",18806,1545,1114,587,650,365,1064,561,884,571,275,206,559,392,594,339,1154,617,833,525,1907,879,2696,819,2937,990,1641,599,932,647,587,342,979,544
0500000US16001,16001,"Ada County, Idaho",6992,1049,428,403,251,213,267,251,564,402,1024,684,397,536,198,243,685,575,172,140,705,426,750,642,943,639,273,288,75,119,260,267,0,259
0500000US16027,16027,"Canyon County, Idaho",10043,835,536,444,1370,699,652,402,965,544,1492,647,658,475,898,445,159,216,334,230,1025,496,1334,641,445,316,107,110,68,102,0,259,0,259
0500000US17031,17031,"Cook County, Illinois",322291,5680,20851,2540,17398,2277,20050,2230,21173,2391,19192,2523,20240,2333,18973,2415,19808,1974,18898,2258,32380,3510,35300,3151,38635,2995,18184,2282,10043,1521,7235,1511,3931,1297
0500000US17043,17043,"DuPage County, Illinois",31585,1832,1296,627,895,488,796,486,1627,735,1827,1000,883,524,884,479,1698,809,1978,879,2586,919,4781,1596,5094,1171,4013,1246,1380,758,751,415,1096,446
0500000US17089,17089,"Kane County, Illinois",34387,1754,1073,475,1278,756,2196,887,2612,1118,3367,1172,2436,884,2783,1064,1181,486,1721,899,3971,1301,5286,1176,2975,860,1652,686,589,393,1012,587,255,209
0500000US17097,17097,"Lake County, Illinois",31632,1903,424,288,1558,595,1592,749,2044,803,1935,865,1687,749,1618,731,1799,844,1807,753,3306,927,5053,1069,4397,1055,1399,554,1816,802,619,434,578,351
0500000US17111,17111,"McHenry County, Illinois",8636,1130,254,253,0,267,226,193,639,494,120,179,439,493,424,348,662,572,127,161,641,426,1051,671,1787,746,1292,645,479,555,63,94,432,472
0500000US17161,17161,"Rock Island County, Illinois",4308,497,425,275,202,217,495,329,553,382,176,179,57,94,689,416,45,58,214,179,368,359,269,224,493,285,322,292,0,267,0,267,0,267
0500000US17197,17197,"Will County, Illinois",23851,1549,683,508,459,397,395,343,1542,793,1916,703,2479,822,493,423,1252,494,1006,573,1943,765,3421,812,3232,751,2113,660,1716,716,620,282,581,412
0500000US17201,17201,"Winnebago County, Illinois",8849,1228,624,435,435,384,968,677,653,519,1036,644,594,440,764,614,601,446,65,112,421,320,605,423,813,542,615,366,521,509,0,267,134,162
0500000US18003,18003,"Allen County, Indiana",6285,758,526,444,633,404,326,267,645,383,1326,695,294,227,198,159,642,488,200,167,297,273,539,441,433,537,36,65,0,265,135,240,55,92
0500000US18039,18039,"Elkhart County, Indiana",7144,1117,497,500,345,328,988,727,406,337,715,712,416,427,974,735,0,265,1071,589,177,283,501,424,755,648,0,265,299,466,0,265,0,265
0500000US18089,18089,"Lake County, Indiana",20567,1086,1529,677,683,432,1183,485,879,418,1075,510,1788,678,542,318,1476,598,1476,725,2237,656,2027,694,3585,968,1315,644,364,249,326,238,82,132
0500000US18097,18097,"Marion County, Indiana",17044,1310,751,424,1633,742,1220,563,1071,624,2624,824,1599,699,1203,530,1337,544,1146,664,1484,690,1933,708,420,267,426,283,93,133,47,76,57,102
0500000US18141,18141,"St. Joseph County, Indiana",3574,609,255,202,134,135,243,195,397,331,296,286,451,259,305,305,241,258,188,221,257,246,302,271,334,219,78,105,93,103,0,265,0,265
0500000US19153,19153,"Polk County, Iowa",9170,746,367,275,723,517,536,386,1416,707,693,460,653,376,207,222,1238,646,391,344,1115,572,739,423,453,353,269,235,318,384,0,226,52,91
0500000US20091,20091,"Johnson County, Kansas",9231,1248,538,378,88,144,367,271,640,484,534,441,816,585,751,472,478,334,152,145,839,529,690,413,1433,644,852,470,52,75,754,361,247,222
0500000US20173,20173,"Sedgwick County, Kansas",16035,982,704,363,877,534,542,391,2066,721,709,447,1422,495,1404,607,1261,707,585,366,1778,702,1743,610,1601,568,812,398,282,241,111,123,138,164
0500000US20177,20177,"Shawnee County, Kansas",4746,617,419,290,133,186,626,391,717,346,482,375,153,169,436,304,163,138,44,72,177,144,398,384,347,250,245,210,262,242,93,114,51,89
0500000US20209,20209,"Wyandotte County, Kansas",9572,864,724,506,744,459,822,518,1282,674,455,308,974,564,542,420,703,467,350,313,901,556,969,462,789,315,181,137,94,143,42,65,0,244
0500000US21111,21111,"Jefferson County, Kentucky",6004,648,597,384,640,431,148,146,778,404,317,206,252,230,262,172,760,410,140,129,404,265,842,420,94,91,352,237,94,109,261,226,63,68
0500000US22051,22051,"Jefferson Parish, Louisiana",12920,1293,615,320,715,363,800,471,1410,565,1380,492,801,404,596,336,802,466,484,374,1281,461,1231,547,1267,636,523,312,568,365,238,175,209,232
0500000US24003,24003,"Anne Arundel County, Maryland",6132,896,429,300,165,271,0,281,469,327,802,455,273,262,250,306,328,319,338,299,695,383,168,165,771,384,449,258,414,253,253,179,328,220
0500000US24005,24005,"Baltimore County, Maryland",7808,767,695,440,480,306,305,259,241,267,298,221,311,301,819,675,153,141,647,509,642,370,1071,508,869,390,537,284,414,280,278,206,48,83
0500000US24031,24031,"Montgomery County, Maryland",36086,1694,1374,550,550,345,2042,746,718,384,1945,773,1409,666,1715,655,2193,751,1425,626,3741,1015,4133,1166,5821,1214,3869,1116,1548,631,1744,602,1859,592
0500000US24033,24033,"Prince George's County, Maryland",24115,1321,369,293,712,350,559,395,1186,536,1084,563,821,450,1921,695,1213,599,1539,680,2513,819,3424,709,3375,805,2666,798,1059,499,1207,524,467,276
0500000US24510,24510,"Baltimore city, Maryland",4181,758,475,399,593,442,108,174,477,402,251,258,205,240,403,384,0,281,90,94,271,239,428,263,270,271,292,226,248,194,70,117,0,281
0500000US25005,25005,"Bristol County, Massachusetts",8759,886,1581,662,1044,535,529,459,563,393,542,394,771,443,499,363,630,447,475,298,433,386,279,264,764,392,278,235,122,146,0,281,249,272
0500000US25009,25009,"Essex County, Massachusetts",33290,1513,4906,1133,2950,1001,2870,1032,2007,808,3213,886,1091,545,1428,604,1949,835,1273,647,2035,821,3932,1172,2935,795,1437,565,371,241,463,222,430,371
0500000US25013,25013,"Hampden County, Massachusetts",26863,1573,7096,1289,3302,847,2796,790,1422,767,1445,757,1483,721,886,538,1407,674,961,570,1404,630,2249,847,1041,524,642,413,612,404,64,93,53,89
0500000US25017,25017,"Middlesex County, Massachusetts",25888,1804,3666,972,1803,746,1220,606,2039,902,883,507,1905,806,1372,700,933,602,801,555,2477,1043,1232,482,2848,880,2070,681,1145,530,530,340,964,420
0500000US25021,25021,"Norfolk County, Massachusetts",4883,762,627,409,340,301,389,364,0,281,51,97,269,308,99,125,129,138,208,244,410,382,275,321,662,411,685,394,222,205,272,273,245,164
0500000US25025,25025,"Suffolk County, Massachusetts",40732,2651,7714,1527,2580,1028,3929,1010,2328,866,2219,934,1963,678,1862,782,1247,630,1528,642,3135,933,3462,1060,4073,1154,2053,759,804,523,964,532,871,536
0500000US25027,25027,"Worcester County, Massachusetts",19362,1278,3680,809,1824,609,1467,611,626,361,1198,618,584,420,1282,568,1136,619,827,574,1792,810,1442,567,1469,652,817,457,545,427,392,341,281,264
0500000US26065,26065,"Ingham County, Michigan",4549,759,292,220,638,497,470,398,370,334,274,327,78,103,160,153,259,181,291,272,564,385,161,180,378,292,341,229,121,125,50,81,102,112
0500000US26081,26081,"Kent County, Michigan",13669,1469,1536,732,1477,605,822,552,1832,811,1367,681,858,520,637,413,432,335,805,526,1218,625,863,499,859,416,382,324,139,165,402,452,40,71
0500000US26099,26099,"Macomb County, Michigan",5323,661,226,223,646,430,618,465,372,335,149,151,483,299,149,151,139,137,57,100,0,242,804,433,879,389,548,298,0,242,253,188,0,242
0500000US26125,26125,"Oakland County, Michigan",12277,1289,793,529,1104,555,1473,616,433,446,393,335,610,349,633,357,895,553,651,464,1375,686,1076,471,1320,487,423,286,366,335,499,322,233,177
0500000US26139,26139,"Ottawa County, Michigan",5316,731,419,443,143,150,296,208,280,259,450,369,559,555,301,283,683,458,347,313,201,203,375,235,1062,484,92,111,56,99,52,77,0,242
0500000US26145,26145,"Saginaw County, Michigan",4599,610,302,276,679,518,903,563,364,313,141,193,195,193,478,364,138,159,108,173,323,243,333,241,553,282,16,29,66,105,0,242,0,242
0500000US26163,26163,"Wayne County, Michigan",27775,1835,3173,966,1837,705,1932,827,2503,912,1326,724,1551,676,930,527,1822,752,1994,703,2205,913,3175,969,2123,750,1368,577,989,430,686,643,161,195
0500000US27053,27053,"Hennepin County, Minnesota",19570,1244,1026,493,1587,606,631,368,1565,807,1986,904,1121,632,1719,714,1373,617,440,227,1775,573,1390,598,2155,843,1116,537,513,346,500,344,673,422
0500000US27123,27123,"Ramsey County, Minnesota",8828,903,981,514,613,432,428,319,855,475,313,230,1094,634,712,430,651,422,151,186,410,316,938,494,480,281,708,453,0,211,431,349,63,91
0500000US29095,29095,"Jackson County, Missouri",15256,1220,858,461,1270,648,1275,614,1902,771,1848,885,989,593,1146,551,1044,651,858,481,862,352,1143,526,1444,494,363,288,32,54,148,187,74,127
0500000US29189,29189,"St. Louis County, Missouri",6747,771,511,308,125,140,188,184,571,456,211,168,594,347,459,275,637,408,0,257,352,370,585,419,964,507,526,412,535,296,73,118,416,279
0500000US31055,31055,"Douglas County, Nebraska",13634,940,934,510,478,268,844,475,1549,590,1102,594,1228,579,1059,584,1274,626,687,478,904,493,1159,493,1259,546,546,290,200,193,188,261,223,206
0500000US31109,31109,"Lancaster County, Nebraska",4613,690,477,389,312,282,284,189,435,431,363,313,282,242,158,152,233,178,285,227,224,202,891,495,607,432,0,221,62,103,0,221,0,221
0500000US32003,32003,"Clark County, Nevada",143876,4011,7933,1592,5226,1342,4994,1046,9834,1990,10952,1792,9019,1785,9238,1921,9446,1767,10793,2186,14879,2259,17382,2117,18257,2326,8227,1606,3461,1108,2893,937,1342,904
0500000US32031,32031,"Washoe County, Nevada",24591,1641,1919,854,1722,714,1166,571,2600,1090,2129,1001,1930,995,1375,693,1855,988,447,305,2730,1002,1961,777,2727,933,525,302,693,439,580,526,232,217
0500000US33011,33011,"Hillsborough County, New Hampshire",5854,906,298,315,143,171,411,390,372,375,341,318,532,455,123,158,863,697,426,388,395,297,880,648,0,253,240,254,539,520,186,230,105,174
0500000US34001,34001,"Atlantic County, New Jersey",11012,1200,1357,618,527,387,762,646,605,510,646,416,709,459,599,399,1187,584,653,432,1058,473,452,341,1331,545,403,324,482,469,157,189,84,151
0500000US34003,34003,"Bergen County, New Jersey",42440,2181,842,476,1402,830,1858,705,1943,913,2388,791,1338,644,2855,1269,1961,805,2632,1098,3676,877,5308,1184,5957,1206,3654,1005,1748,663,2915,872,1963,813
0500000US34005,34005,"Burlington County, New Jersey",6481,941,350,305,174,176,10,17,314,250,157,181,208,222,47,83,1046,546,333,389,1040,635,348,269,1055,447,633,433,291,227,331,249,144,215
0500000US34007,34007,"Camden County, New Jersey",16948,1288,2107,791,1079,439,929,492,1811,562,1360,618,780,513,1169,447,482,364,349,292,1369,563,1118,474,1664,679,1009,532,690,521,464,446,568,350
0500000US34011,34011,"Cumberland County, New Jersey",9488,1184,1043,569,1049,627,262,269,737,600,287,228,531,311,123,131,593,525,566,457,1513,659,1072,578,660,452,691,443,54,93,258,306,49,89
0500000US34013,34013,"Essex County, New Jersey",46834,2019,5339,1282,2140,764,2684,940,3254,982,3077,880,4296,1244,2872,849,1874,686,2350,821,3472,931,3771,1132,5194,1140,3398,1113,1084,482,896,399,1133,526
0500000US34017,34017,"Hudson County, New Jersey",86116,2268,10481,1796,5531,1376,5913,1459,5772,1353,5206,1512,5945,1447,4403,1300,4961,1192,2974,962,7854,1314,8854,1398,6738,1131,4339,1120,2942,903,3197,876,1006,460
0500000US34021,34021,"Mercer County, New Jersey",11486,1255,204,152,259,245,549,330,658,349,332,249,947,589,807,458,569,363,239,223,1438,531,1466,775,1867,635,1022,513,100,117,607,407,422,273
0500000US34023,34023,"Middlesex County, New Jersey",40244,2051,3126,1014,1467,699,1832,764,1877,790,2168,879,2533,1034,2358,766,1712,672,1548,582,3626,1129,4129,1150,5353,1345,4677,1115,1731,606,1624,688,483,291
0500000US34025,34025,"Monmouth County, New Jersey",14369,1190,1265,588,649,424,840,493,701,468,588,375,763,409,352,273,1056,524,893,502,950,514,1403,517,2629,753,807,307,725,438,461,309,287,211
0500000US34027,34027,"Morris County, New Jersey",14662,1338,363,311,293,295,523,317,644,515,396,393,770,429,1177,699,494,407,993,495,900,451,2332,862,1952,706,1079,531,659,443,1211,468,876,426
0500000US34029,34029,"Ocean County, New Jersey",11450,1058,479,332,469,352,123,122,382,275,906,536,0,277,634,415,746,508,1198,583,1259,523,1240,699,1908,767,685,340,419,327,688,400,314,229
0500000US34031,34031,"Passaic County, New Jersey",46651,1891,4244,1027,3367,1038,4441,1201,3716,1147,3340,1071,3516,983,2538,839,3165,1041,1551,626,3472,778,4225,1219,3488,886,2658,728,968,495,936,584,1026,552
0500000US34035,34035,"Somerset County, New Jersey",10255,1218,306,274,139,187,270,252,324,307,57,89,224,273,946,645,301,369,645,500,937,489,1324,639,1985,831,1294,607,356,300,798,554,349,276
0500000US34039,34039,"Union County, New Jersey",37793,1922,2717,761,1495,624,1997,816,1510,605,1872,656,2384,787,2128,778,1908,672,821,508,4137,1167,4848,1149,5604,1130,2653,750,1470,515,1929,712,320,219
0500000US35001,35001,"Bernalillo County, New Mexico",102377,2743,10200,1736,6851,1376,6906,1369,7857,1610,6554,1297,7068,1572,6732,1392,5924,1475,4584,1019,8263,1580,10499,1729,9881,1422,4174,1054,3569,1008,2217,657,1098,404
0500000US35013,35013,"Dona Ana County, New Mexico",41065,1519,4525,1139,5631,1169,3419,1179,4173,1335,3370,1043,2959,1061,2084,745,1607,641,1899,879,2278,867,3172,950,3216,810,1280,626,620,406,738,443,94,107
0500000US35043,35043,"Sandoval County, New Mexico",13325,947,1137,554,1031,535,457,450,1103,620,408,274,350,282,609,371,503,266,874,379,1207,508,1718,607,1976,747,991,515,718,470,243,202,0,279
0500000US35045,35045,"San Juan County, New Mexico",6125,848,67,113,173,180,417,423,365,393,758,525,563,466,233,303,552,485,210,254,304,258,970,534,783,455,409,347,271,244,0,279,50,88
0500000US35049,35049,"Santa Fe County, New Mexico",22223,1562,1631,599,1390,483,1510,644,1357,586,1452,606,1160,440,748,384,1125,461,792,421,2231,710,2722,840,2653,733,1522,544,892,453,837,470,201,196
0500000US35061,35061,"Valencia County, New Mexico",13566,1122,1274,589,1229,622,707,361,681,425,1269,562,1528,817,580,421,435,370,626,395,1198,458,1047,588,1464,462,586,417,671,551,222,263,49,89
0500000US36005,36005,"Bronx County, New York",232828,4156,48638,3938,24251,2376,20015,2071,16205,1841,13624,1835,12849,1999,11037,1966,12577,1804,9445,1999,16190,2220,18347,2193,14034,2194,7731,1601,3487,954,2831,709,1567,684
0500000US36027,36027,"Dutchess County, New York",8065,801,881,522,580,475,524,420,448,388,0,277,95,119,1106,723,528,352,500,412,365,359,483,389,934,528,596,378,406,352,232,230,387,253
0500000US36029,36029,"Erie County, New York",11995,958,3429,1024,802,435,1177,624,341,313,642,411,880,358,405,249,308,227,203,165,663,360,931,457,758,302,560,368,230,204,478,385,188,196
0500000US36047,36047,"Kings County, New York",158994,3656,27620,2657,11964,1680,12048,2046,12341,1793,7353,1467,9556,1695,7995,1383,9612,1366,7134,1355,12355,2228,13551,2003,12019,1455,6498,1579,2983,971,3497,1075,2468,811
0500000US36055,36055,"Monroe County, New York",13144,1250,2191,721,1070,487,1452,856,782,384,676,356,1454,675,1253,621,700,411,427,345,490,381,432,248,1273,664,368,250,163,162,287,258,126,164
0500000US36059,36059,"Nassau County, New York",37973,1671,1679,656,1343,602,1021,439,1595,667,927,455,1166,617,2476,966,1697,683,2002,675,2398,1012,4540,1245,5162,1190,4226,1015,2868,816,3074,860,1799,491
0500000US36061,36061,"New York County, New York",140739,4473,27013,2945,14878,2037,13356,2220,9074,1553,8811,1657,8121,1581,7094,1500,5475,1205,4616,1326,8340,1440,9451,1696,9968,1634,4891,1106,2540,951,3867,1056,3244,916
0500000US36067,36067,"Onondaga County, New York",3332,597,327,224,362,241,473,357,266,241,52,89,385,254,212,193,162,112,227,243,189,163,91,126,138,147,186,177,185,222,41,66,36,60
0500000US36071,36071,"Orange County, New York",15461,1368,342,304,281,289,76,92,795,434,771,553,716,455,929,560,682,371,831,528,899,485,1445,691,2392,701,2097,751,1385,595,1444,635,376,373
0500000US36081,36081,"Queens County, New York",178773,3831,13723,2191,8888,1698,11519,2016,10238,1856,9260,1736,10496,1934,10441,2001,8448,1474,8753,1850,16084,2210,22929,2756,21977,2474,11123,1781,5615,1395,7087,1538,2192,611
0500000US36085,36085,"Richmond County, New York",20765,1692,2770,1033,763,438,1004,456,921,602,572,342,1445,811,1033,708,706,528,318,320,889,565,2490,929,3761,965,1203,654,925,503,1571,746,394,395
0500000US36087,36087,"Rockland County, New York",10339,940,177,191,189,168,648,478,93,138,291,362,767,416,54,90,721,454,291,250,1188,565,984,454,1243,581,1221,494,932,508,1323,568,217,162
0500000US36103,36103,"Suffolk County, New York",42441,2376,1418,636,1848,716,1288,674,1345,603,1555,767,2229,922,1771,766,1919,775,2479,925,3512,1082,5665,1321,5633,1291,4745,1074,3154,984,2731,762,1149,481
0500000US36119,36119,"Westchester County, New York",53851,2388,4723,1247,1811,810,2270,746,4290,1152,3060,1193,3368,1034,3319,1040,2829,986,3095,1080,3923,1170,7348,1474,5994,1213,3381,1112,1049,472,1235,638,2156,810
0500000US37051,37051,"Cumberland County, North Carolina",6013,714,689,449,147,235,212,250,209,164,399,230,453,250,768,506,497,384,310,222,471,275,1146,464,379,250,248,250,35,59,50,86,0,289
0500000US37063,37063,"Durham County, North Carolina",9654,1003,799,638,701,674,324,296,702,607,1390,831,632,587,1263,726,961,602,410,450,385,398,808,534,526,460,509,356,82,138,162,218,0,289
0500000US37067,37067,"Forsyth County, North Carolina",9323,1018,209,223,727,562,863,650,1184,737,924,492,1381,800,394,297,661,507,343,234,1115,700,864,652,419,303,149,167,0,289,0,289,90,153
0500000US37081,37081,"Guilford County, North Carolina",9139,990,192,231,558,408,843,564,511,372,1257,595,1135,679,898,574,722,628,119,145,613,381,1143,573,285,300,274,338,229,204,132,217,228,277
0500000US37119,37119,"Mecklenburg County, North Carolina",28865,1741,1317,587,1258,658,2216,853,2930,1032,2201,896,2782,1017,1740,717,1429,745,2276,1019,2605,873,2930,1009,2416,902,1354,748,572,454,509,397,330,318
0500000US37183,37183,"Wake County, North Carolina",19573,1631,564,294,1482,612,1923,768,2022,786,1447,891,1693,737,1546,881,1385,720,586,416,1124,543,2127,831,2061,646,537,324,197,212,600,428,279,209
0500000US39035,39035,"Cuyahoga County, Ohio",18041,1250,2336,605,1800,767,1393,608,1094,550,1191,641,1200,607,897,453,1467,653,634,397,967,545,1577,637,1112,494,1468,624,235,159,174,161,496,377
0500000US39049,39049,"Franklin County, Ohio",12447,1090,1377,636,970,522,957,549,716,338,492,308,1553,847,861,580,712,478,468,367,1141,608,1022,572,521,323,661,389,342,284,390,384,264,205
0500000US39061,39061,"Hamilton County, Ohio",3566,719,500,374,413,323,365,316,335,333,452,401,157,158,24,41,158,141,0,265,0,265,361,248,508,255,52,95,11,21,147,147,83,86
0500000US39093,39093,"Lorain County, Ohio",7243,798,1336,557,511,252,210,189,815,464,243,201,102,133,519,343,459,270,543,362,989,421,873,381,344,197,188,170,111,129,0,265,0,265
0500000US39095,39095,"Lucas County, Ohio",7142,678,1560,680,428,288,484,309,422,374,378,283,435,321,585,359,255,204,367,254,432,294,761,435,531,305,71,119,176,290,113,153,144,182
0500000US40109,40109,"Oklahoma County, Oklahoma",25513,1399,2184,787,1180,637,3013,1012,2630,810,2279,900,2175,925,1653,655,1236,620,1139,652,2237,949,2486,767,1628,619,699,485,613,432,261,253,100,118
0500000US40143,40143,"Tulsa County, Oklahoma",18067,1433,1137,597,709,418,1292,619,2496,941,1437,643,1701,792,2050,794,1033,739,629,351,1593,810,796,520,2067,828,614,374,0,248,312,246,201,188
0500000US41005,41005,"Clackamas County, Oregon",6262,1173,696,704,133,163,13,23,218,262,83,138,262,337,97,123,706,461,674,541,93,121,468,444,1277,759,411,323,177,174,739,603,215,210
0500000US41039,41039,"Lane County, Oregon",6756,941,1200,563,357,236,518,351,742,400,394,370,249,233,576,317,712,469,182,145,631,319,607,379,225,201,116,112,124,129,0,275,123,154
0500000US41047,41047,"Marion County, Oregon",17233,1311,1197,598,614,464,701,532,1849,773,1087,640,1581,684,946,468,1312,651,1043,625,2314,925,1492,672,2653,979,353,379,0,275,0,275,91,156
0500000US41051,41051,"Multnomah County, Oregon",20408,1892,1408,653,1664,710,1877,826,1884,862,2904,1025,740,451,1190,703,1057,707,455,358,1628,904,2017,745,1351,749,800,452,681,542,281,237,471,425
0500000US41059,41059,"Umatilla County, Oregon",3777,529,469,440,67,102,489,318,591,356,164,166,352,348,296,209,341,294,14,24,462,295,276,261,206,166,0,275,0,275,0,275,50,89
0500000US41067,41067,"Washington County, Oregon",17369,1520,222,260,2131,971,1291,642,1575,870,1200,623,1121,548,1394,657,891,478,1239,556,1956,730,1787,785,1374,581,429,339,579,402,0,275,180,296
0500000US42003,42003,"Allegheny County, Pennsylvania",6510,1097,825,613,563,342,213,243,490,393,539,445,345,459,161,164,567,523,92,86,400,307,770,499,648,418,299,238,181,299,70,127,347,337
0500000US42011,42011,"Berks County, Pennsylvania",16680,1187,2803,885,1865,679,1373,734,2165,830,1077,488,1085,524,723,492,1264,566,633,364,1526,671,1261,540,498,333,145,127,117,202,62,99,83,118
0500000US42017,42017,"Bucks County, Pennsylvania",6683,788,202,211,84,116,365,338,0,242,437,322,461,385,375,359,172,201,440,434,1131,768,816,448,458,325,602,368,262,261,344,287,534,349
0500000US42029,42029,"Chester County, Pennsylvania",5188,816,370,264,67,112,0,242,233,296,231,277,290,278,426,290,380,350,253,293,246,191,325,241,1060,543,454,292,393,186,282,276,178,187
0500000US42043,42043,"Dauphin County, Pennsylvania",5133,585,959,438,267,239,260,253,527,336,543,383,345,271,110,149,0,242,85,110,753,429,408,376,435,448,246,251,58,96,58,99,79,132
0500000US42045,42045,"Delaware County, Pennsylvania",3388,481,501,254,258,259,246,204,296,219,91,110,71,83,222,208,301,302,178,179,109,124,240,201,432,260,50,85,48,87,123,121,222,150
0500000US42071,42071,"Lancaster County, Pennsylvania",10536,915,1286,510,799,447,442,359,1233,576,473,390,1198,606,732,440,658,494,678,412,904,413,702,437,703,332,378,292,317,380,33,57,0,242
0500000US42077,42077,"Lehigh County, Pennsylvania",15713,1230,3113,850,1259,537,561,352,1683,804,1303,682,644,396,801,426,1203,543,736,434,1253,505,1461,633,996,480,514,478,146,155,40,65,0,242
0500000US42079,42079,"Luzerne County, Pennsylvania",3831,475,639,326,389,383,195,159,357,275,320,265,344,297,333,259,108,110,229,239,362,229,245,168,167,170,67,75,0,242,0,242,76,91
0500000US42091,42091,"Montgomery County, Pennsylvania",6340,725,432,301,200,230,242,193,556,389,123,161,351,416,368,258,571,416,335,243,202,259,713,360,639,372,359,281,415,266,542,345,292,278
0500000US42095,42095,"Northampton County, Pennsylvania",8026,777,880,422,475,362,451,332,571,319,973,602,540,442,690,445,509,308,38,66,666,457,914,461,565,369,324,231,242,352,147,142,41,75
0500000US42101,42101,"Philadelphia County, Pennsylvania",52819,2414,11552,1837,3677,989,5147,1099,4412,1464,3044,926,3312,1307,1800,718,2180,862,2962,969,2520,745,3946,1040,3976,1161,2627,957,1054,661,430,296,180,187
0500000US42133,42133,"York County, Pennsylvania",4898,904,409,357,633,443,252,216,735,564,92,184,517,365,84,137,63,86,129,136,785,486,593,518,226,209,135,159,34,138,133,216,78,112
0500000US44007,44007,"Providence County, Rhode Island",31181,1852,5892,1303,2377,817,2838,951,1449,695,2208,942,1800,882,3438,1062,1479,621,1094,587,1465,731,2996,1131,1752,656,969,488,305,209,686,511,433,412
0500000US45045,45045,"Greenville County, South Carolina",9675,1335,1206,743,649,472,1354,825,1771,844,806,494,697,353,352,252,533,453,401,310,613,506,350,295,616,554,227,217,29,52,71,121,0,287
0500000US47037,47037,"Davidson County, Tennessee",12684,1060,1741,739,398,263,1235,644,813,449,1753,693,924,527,1048,520,756,514,403,323,950,432,949,486,585,402,430,385,469,300,37,60,193,192
0500000US47157,47157,"Shelby County, Tennessee",10923,1041,669,481,768,487,2036,1006,661,469,994,622,814,495,817,486,623,397,432,412,610,358,767,517,427,372,605,523,328,247,40,67,332,274
0500000US48027,48027,"Bell County, Texas",15191,1483,966,533,689,473,818,504,883,432,1375,634,1383,646,1635,645,445,351,786,516,1611,626,2299,869,1233,563,771,461,140,228,157,167,0,291
0500000US48029,48029,"Bexar County, Texas",282075,4928,34395,3606,18398,2570,18622,1957,23672,3057,17024,1974,17550,2407,17589,2533,16439,2222,12971,1927,22190,2645,26207,2694,28095,3034,13984,1678,5486,1086,6036,1216,3417,964
0500000US48039,48039,"Brazoria County, Texas",22440,1436,1499,555,949,488,1420,707,1363,600,653,465,1969,957,1435,673,965,667,678,516,2285,992,3035,948,1857,592,2062,688,671,601,1269,579,330,271
0500000US48041,48041,"Brazos County, Texas",9713,1109,1059,469,778,454,649,497,969,538,478,324,1304,794,678,397,599,384,122,194,683,307,1020,538,776,431,148,140,65,112,316,292,69,108
0500000US48061,48061,"Cameron County, Texas",93730,2821,17588,2135,10882,2007,8061,1409,7002,1437,6920,1531,5519,1246,4806,1051,4941,1166,3532,848,6092,1135,6128,1253,6235,1314,3253,926,813,408,1195,558,763,404
0500000US48085,48085,"Collin County, Texas",26485,1742,1120,540,1408,781,1591,867,1864,835,1376,703,1570,699,1805,850,1138,599,1778,828,2213,735,2762,775,2909,898,2556,796,766,357,965,415,664,349
0500000US48091,48091,"Comal County, Texas",7304,974,603,337,93,163,106,135,629,456,191,237,505,401,674,511,886,636,214,188,502,414,1209,681,683,371,499,333,174,164,189,147,147,224
0500000US48113,48113,"Dallas County, Texas",250157,4906,12265,2086,13380,1921,24697,2365,28085,3120,18940,2922,21398,2786,19912,2653,15082,2314,15906,2366,23269,2781,21246,2732,19256,2556,7656,1693,3913,1151,3113,969,2039,703
0500000US48121,48121,"Denton County, Texas",28243,1899,863,428,1001,576,1473,683,1879,700,1604,662,2660,1049,2185,843,1844,804,1294,574,2588,831,2902,836,3190,822,1883,838,891,465,589,291,1397,776
0500000US48135,48135,"Ector County, Texas",19996,968,1254,589,1204,580,1399,608,1195,570,1486,656,1199,417,804,484,777,451,1041,458,1929,821,2782,816,2214,794,1285,566,621,399,582,350,224,295
0500000US48139,48139,"Ellis County, Texas",8288,740,215,189,217,279,531,290,615,458,1172,621,132,150,530,398,790,656,649,423,527,423,648,412,1275,610,646,340,311,224,0,291,30,50
0500000US48141,48141,"El Paso County, Texas",179275,2850,21873,1980,17894,2268,16787,1990,15013,2001,11175,1671,11973,1589,8784,1518,10093,1560,7933,1263,14153,1868,14470,1784,14760,1884,7393,1300,2582,737,2836,847,1556,568
0500000US48157,48157,"Fort Bend County, Texas",27700,1758,861,418,1202,571,1523,659,1105,503,1471,562,1800,676,1549,503,2066,755,1311,490,2359,715,3007,817,3932,1033,2074,695,1605,591,1175,426,660,274
0500000US48167,48167,"Galveston County, Texas",17585,1404,906,568,720,442,902,605,1677,656,744,463,1626,708,827,516,498,285,1277,614,1172,593,1595,649,2126,766,1714,735,102,146,788,483,911,515
0500000US48183,48183,"Gregg County, Texas",3927,594,281,285,194,197,362,276,611,417,222,197,479,348,136,199,140,143,280,213,358,274,383,291,398,250,83,137,0,291,0,291,0,291
0500000US48187,48187,"Guadalupe County, Texas",10305,981,935,507,596,349,719,386,757,419,446,312,503,408,333,271,424,393,352,345,662,429,1393,708,1792,739,838,474,319,234,236,199,0,291
0500000US48201,48201,"Harris County, Texas",441083,6057,27839,2851,24400,2687,34828,2853,40738,4380,32228,3291,32896,3604,31484,2966,23917,2573,24329,3126,39978,3466,41735,2929,44190,3188,18576,2217,9266,1934,8417,1636,6262,1374
0500000US48209,48209,"Hays County, Texas",11780,1111,1360,730,1098,570,698,380,674,374,566,377,442,339,467,254,655,415,406,347,575,406,1061,480,1893,667,952,433,677,503,181,269,75,95
0500000US48215,48215,"Hidalgo County, Texas",178817,3852,33909,3394,18201,2516,14899,2510,14826,2274,12859,2329,10632,1870,8854,1742,8076,1585,6388,1503,11374,1596,11502,1620,12580,2127,7285,1387,2748,790,2103,783,2581,804
0500000US48245,48245,"Jefferson County, Texas",9566,1941,681,384,1060,510,800,452,378,220,575,382,778,398,462,329,521,378,358,239,294,287,1387,719,735,385,947,596,143,157,306,309,141,164
0500000US48251,48251,"Johnson County, Texas",5826,824,387,255,232,199,174,206,352,347,311,335,810,510,450,331,482,358,772,592,369,314,362,247,714,468,132,132,158,153,49,86,72,87
0500000US48303,48303,"Lubbock County, Texas",24756,1488,2603,895,1360,645,3156,941,1659,693,2008,740,2045,783,1079,546,1167,688,1603,735,2512,906,2443,970,2036,925,581,331,193,186,311,255,0,291
0500000US48309,48309,"McLennan County, Texas",13166,1119,1104,473,1532,722,1555,499,1506,652,1195,510,504,327,1241,640,499,347,569,402,425,244,1306,596,800,424,246,187,97,116,323,260,264,277
0500000US48329,48329,"Midland County, Texas",13511,870,754,394,733,521,741,429,924,514,578,359,747,581,795,543,824,509,946,530,1226,533,1655,641,2026,812,795,429,415,375,205,212,147,172
0500000US48339,48339,"Montgomery County, Texas",21063,1401,1162,680,626,322,1526,750,1764,865,1222,752,786,510,1663,738,2318,850,1415,771,2173,895,1950,890,1376,572,1488,646,753,508,408,262,433,331
0500000US48355,48355,"Nueces County, Texas",61487,2247,5981,1247,5294,1126,4287,1122,4802,1213,4332,1112,3940,1053,2426,832,3652,1186,3441,867,5285,1264,5217,1130,4986,1098,3374,1103,1617,670,1767,910,1086,591
0500000US48375,48375,"Potter County, Texas",10343,972,1664,754,702,412,499,305,1385,547,583,367,314,216,522,351,842,488,554,324,616,448,905,436,1127,610,521,414,0,291,47,83,62,107
0500000US48381,48381,"Randall County, Texas",4575,747,240,272,170,200,260,215,287,199,386,311,436,354,178,219,165,166,382,276,168,183,708,433,778,394,337,324,80,85,0,291,0,291
0500000US48409,48409,"San Patricio County, Texas",11396,884,1507,552,1052,517,1084,510,443,324,333,242,1144,649,628,384,240,180,626,371,576,417,1685,665,1253,555,579,491,97,113,110,166,39,70
0500000US48423,48423,"Smith County, Texas",6394,893,48,86,591,482,1026,591,576,405,678,465,355,267,554,401,334,216,933,541,556,375,411,280,255,246,0,291,49,85,28,53,0,291
0500000US48439,48439,"Tarrant County, Texas",118188,3002,6905,1700,4986,1299,8212,1583,8552,1623,8422,1606,8864,1678,8845,1865,8005,1474,5576,1341,11516,1599,11482,1707,13430,2292,7102,1573,3383,956,2002,690,906,414
0500000US48441,48441,"Taylor County, Texas",8445,801,905,564,938,534,369,338,659,462,393,267,1321,694,691,449,349,268,490,534,634,389,875,533,553,356,60,100,128,204,0,291,80,138
0500000US48451,48451,"Tom Green County, Texas",11696,1076,654,413,1089,642,522,426,1160,482,1059,598,1089,637,738,511,204,167,535,407,2402,1005,1169,721,534,419,182,186,223,228,63,109,73,119
0500000US48453,48453,"Travis County, Texas",101978,2917,6752,1428,4865,1245,5276,1158,8528,1911,6970,1893,7466,1496,7426,1539,5296,1110,4935,1132,9794,1736,11041,1979,11054,1941,4726,1171,3484,971,2353,774,2012,704
0500000US48469,48469,"Victoria County, Texas",11285,936,1217,562,723,464,861,453,907,612,1057,574,283,290,798,567,482,474,337,310,968,584,1375,682,1275,663,352,265,439,322,0,291,211,312
0500000US48479,48479,"Webb County, Texas",59945,1538,6468,1060,5536,913,5208,1022,3885,1026,3803,962,3923,1011,4373,1138,2882,956,2650,765,4542,1192,3887,1028,5846,981,3075,1011,2309,805,860,432,698,377
0500000US48485,48485,"Wichita County, Texas",5279,702,308,333,868,510,466,425,418,351,316,277,429,323,481,380,114,142,414,337,474,429,428,429,268,322,145,191,0,291,150,148,0,291
0500000US48491,48491,"Williamson County, Texas",19322,1710,532,345,583,405,631,445,1131,707,670,338,1078,651,1566,874,835,516,1034,636,2761,831,2098,561,2860,953,1124,453,1192,601,892,583,335,361
0500000US49011,49011,"Davis County, Utah",5236,595,234,208,555,408,217,217,323,273,177,203,376,214,227,197,131,145,141,168,482,246,700,305,1038,349,260,219,172,144,81,133,122,150
0500000US49035,49035,"Salt Lake County, Utah",42315,2126,2978,976,1981,669,2068,868,1896,840,2353,828,4314,1085,2302,868,3449,1031,2914,884,4643,1124,4362,931,4357,1171,2954,817,1037,576,327,220,380,341
0500000US49049,49049,"Utah County, Utah",11448,1076,572,302,606,405,665,427,899,455,835,561,1262,649,1019,640,426,296,1285,646,551,453,1121,531,1168,554,486,323,273,228,210,178,70,119
0500000US49057,49057,"Weber County, Utah",9319,1025,373,245,542,388,998,544,746,469,445,285,1145,572,814,515,543,338,1150,616,1093,587,761,463,338,301,167,262,0,263,107,137,97,151
0500000US51013,51013,"Arlington County, Virginia",9998,1537,774,571,191,223,602,563,235,219,402,435,678,663,280,280,295,247,336,355,920,699,457,553,1692,871,1132,690,1129,690,591,413,284,227
0500000US51041,51041,"Chesterfield County, Virginia",5670,783,277,250,278,251,418,420,486,435,524,455,682,479,0,285,418,463,445,514,382,344,658,514,647,547,37,64,371,423,47,81,0,285
0500000US51059,51059,"Fairfax County, Virginia",38045,1856,656,499,668,391,965,606,1234,611,1239,662,2074,885,1755,769,1739,847,1887,859,3037,992,5397,1233,4111,1051,4144,962,3922,1021,2733,927,2484,859
0500000US51107,51107,"Loudoun County, Virginia",8469,1098,53,96,240,275,271,262,965,767,120,212,317,324,425,442,1267,824,124,149,722,496,1194,510,971,502,505,369,383,242,473,319,439,274
0500000US51153,51153,"Prince William County, Virginia",18148,1097,315,289,279,442,612,465,408,444,252,210,1151,741,401,340,993,557,1396,767,1774,879,1905,850,3517,865,2252,731,1266,632,1101,478,526,323
0500000US51510,51510,"Alexandria city, Virginia",6066,1089,439,321,289,334,376,401,364,285,202,210,51,84,108,181,411,457,487,357,259,199,733,558,773,443,750,519,457,440,241,242,126,148
0500000US53005,53005,"Benton County, Washington",6343,857,814,622,339,298,849,539,353,275,835,597,364,334,290,373,209,251,131,152,479,449,1011,663,447,435,0,271,157,182,65,114,0,271
0500000US53011,53011,"Clark County, Washington",6913,829,640,487,410,218,225,219,168,131,358,278,564,382,772,510,191,181,191,271,475,347,1125,569,1129,668,379,291,208,149,78,88,0,271
0500000US53021,53021,"Franklin County, Washington",8736,647,580,316,1130,752,573,387,772,500,1092,606,946,517,180,182,693,513,573,388,393,375,685,562,432,284,390,466,297,295,0,271,0,271
0500000US53025,53025,"Grant County, Washington",7303,834,336,251,443,355,691,424,1262,716,487,359,143,173,284,333,467,400,607,487,430,321,1189,441,661,457,79,125,44,75,102,165,78,131
0500000US53033,53033,"King County, Washington",42802,2330,2775,1002,1862,750,1733,744,2377,848,2069,824,2660,944,2677,951,2463,895,2453,875,3382,943,5218,1319,4791,1302,3425,861,1738,767,1509,561,1670,773
0500000US53053,53053,"Pierce County, Washington",15840,1392,1330,565,1159,551,480,381,633,471,639,385,1713,813,1040,525,909,491,653,391,998,415,1653,674,2104,791,1876,800,183,206,223,183,247,250
0500000US53061,53061,"Snohomish County, Washington",11862,1184,217,179,570,441,559,359,317,309,564,454,1141,622,777,507,612,417,641,424,749,463,1695,613,1210,577,983,544,485,345,1055,555,287,247
0500000US53063,53063,"Spokane County, Washington",5356,781,790,379,262,254,77,95,281,228,358,317,177,207,241,318,450,408,648,415,402,231,282,218,970,471,221,212,118,131,0,271,79,102
0500000US53077,53077,"Yakima County, Washington",24113,1547,1349,516,2485,922,2312,812,1732,681,2090,743,1338,628,2845,909,1306,700,2033,775,2243,762,1897,663,1232,543,544,453,453,498,206,342,48,58
0500000US55025,55025,"Dane County, Wisconsin",7216,973,984,637,182,174,312,304,350,211,425,348,715,449,662,417,145,173,253,204,1350,666,433,266,822,341,391,265,42,70,0,216,150,131
0500000US55079,55079,"Milwaukee County, Wisconsin",31595,1790,3215,869,2235,731,2754,884,2448,823,2223,639,3066,958,1905,687,1645,630,1897,625,3326,795,2472,777,2212,766,1168,496,503,349,327,299,199,184
0500000US55101,55101,"Racine County, Wisconsin",4996,695,363,266,302,256,276,271,655,413,228,206,334,211,358,366,174,214,247,246,589,301,476,317,506,338,267,247,107,144,114,137,0,216
