GEO.id,GEO.id2,GEO.display-label,HD01_VD01,HD02_VD01,HD01_VD02,HD02_VD02,HD01_VD03,HD02_VD03,HD01_VD04,HD02_VD04,HD01_VD05,HD02_VD05,HD01_VD06,HD02_VD06,HD01_VD07,HD02_VD07,HD01_VD08,HD02_VD08,HD01_VD09,HD02_VD09,HD01_VD10,HD02_VD10,HD01_VD11,HD02_VD11,HD01_VD12,HD02_VD12,HD01_VD13,HD02_VD13,HD01_VD14,HD02_VD14,HD01_VD15,HD02_VD15,HD01_VD16,HD02_VD16,HD01_VD17,HD02_VD17
Id,Id2,Geography,Estimate; Total:,Margin of Error; Total:,"Estimate; Less than $10,000","Margin of Error; Less than $10,000","Estimate; $10,000 to $14,999","Margin of Error; $10,000 to $14,999","Estimate; $15,000 to $19,999","Margin of Error; $15,000 to $19,999","Estimate; $20,000 to $24,999","Margin of Error; $20,000 to $24,999","Estimate; $25,000 to $29,999","Margin of Error; $25,000 to $29,999","Estimate; $30,000 to $34,999","Margin of Error; $30,000 to $34,999","Estimate; $35,000 to $39,999","Margin of Error; $35,000 to $39,999","Estimate; $40,000 to $44,999","Margin of Error; $40,000 to $44,999","Estimate; $45,000 to $49,999","Margin of Error; $45,000 to $49,999","Estimate; $50,000 to $59,999","Margin of Error; $50,000 to $59,999","Estimate; $60,000 to $74,999","Margin of Error; $60,000 to $74,999","Estimate; $75,000 to $99,999","Margin of Error; $75,000 to $99,999","Estimate; $100,000 to $124,999","Margin of Error; $100,000 to $124,999","Estimate; $125,000 to $149,999","Margin of Error; $125,000 to $149,999","Estimate; $150,000 to $199,999","Margin of Error; $150,000 to $199,999","Estimate; $200,000 or more","Margin of Error; $200,000 or more"
0500000US01015,01015,"Calhoun County, Alabama",8730,1008,1681,601,1306,657,643,437,795,456,295,221,437,339,931,594,303,237,200,176,339,256,840,425,516,401,121,134,53,91,270,283,0,271
0500000US01055,01055,"Etowah County, Alabama",6483,807,1390,623,615,462,721,402,591,385,691,461,0,271,808,517,314,358,45,76,50,86,268,236,348,279,435,295,66,105,141,142,0,271
0500000US01069,01069,"Houston County, Alabama",8420,600,1430,392,881,268,841,258,1004,298,518,200,415,202,639,245,529,201,161,127,406,162,889,325,389,158,137,96,107,97,12,20,62,67
0500000US01073,01073,"Jefferson County, Alabama",104361,2724,12700,1708,10169,1480,8637,1757,9162,1526,7638,1570,8426,1709,5426,1366,5051,1219,4748,1056,8099,1608,8005,1468,8968,1687,4454,1121,1517,503,890,506,471,242
0500000US01081,01081,"Lee County, Alabama",11832,1150,1970,642,972,429,1607,649,1304,555,780,528,647,343,759,433,377,239,402,302,677,292,1236,463,765,354,172,133,152,188,12,20,0,271
0500000US01089,01089,"Madison County, Alabama",29401,1311,3146,794,2591,675,2695,949,1300,599,2021,882,1321,505,1480,644,1381,581,1118,477,2453,843,3613,982,2316,691,1916,665,878,534,635,459,537,374
0500000US01097,01097,"Mobile County, Alabama",53887,2185,9339,1625,4624,1186,5221,1260,4531,1089,4755,1150,4219,1066,2725,882,3083,1044,2676,829,3293,946,2675,779,3817,1116,1745,768,459,268,425,277,300,294
0500000US01101,01101,"Montgomery County, Alabama",45232,2093,6598,1271,4430,1208,3808,1024,4080,1222,3268,909,2090,740,2858,1235,1842,669,1881,783,2992,895,4089,950,3635,1107,1438,712,881,475,587,331,755,508
0500000US01117,01117,"Shelby County, Alabama",6525,836,307,251,339,242,309,332,348,221,320,275,94,152,387,285,519,461,147,176,975,529,516,313,1049,511,678,374,263,196,177,219,97,168
0500000US01121,01121,"Talladega County, Alabama",8518,1020,1742,635,667,378,604,381,1134,504,308,240,998,569,152,159,109,123,329,402,694,485,647,303,700,391,108,126,258,397,68,111,0,271
0500000US01125,01125,"Tuscaloosa County, Alabama",19876,1793,4916,1161,1750,619,1529,707,1543,656,1404,710,1308,485,1242,593,671,423,1162,649,684,388,1189,714,1442,622,907,496,0,271,129,214,0,271
0500000US02020,02020,"Anchorage Municipality, Alaska",5660,835,0,240,209,271,322,238,203,250,349,403,248,288,559,397,735,504,47,80,277,310,885,527,477,402,311,257,481,305,557,447,0,240
0500000US04013,04013,"Maricopa County, Arizona",54300,2653,6015,1401,3074,920,2565,867,3647,951,2339,609,3522,857,3825,1026,3304,922,2518,866,5722,1382,3881,1010,6242,1291,3870,1146,1249,622,1244,568,1283,662
0500000US04019,04019,"Pima County, Arizona",11795,1278,1488,604,700,457,1831,792,730,369,719,418,312,283,388,298,752,403,866,408,732,621,1304,752,860,329,714,331,53,89,238,187,108,135
0500000US05069,05069,"Jefferson County, Arkansas",14587,1145,2075,614,1686,732,2072,736,691,393,1367,582,526,357,1140,694,565,361,357,236,1411,724,1182,578,822,524,478,336,33,57,82,105,100,101
0500000US05119,05119,"Pulaski County, Arkansas",50232,2197,7431,1495,4477,1372,4320,1245,5939,1497,2399,899,3944,1061,4210,1341,2545,1013,1768,743,3162,1178,2743,865,4227,1221,1796,841,493,380,304,228,474,375
0500000US06001,06001,"Alameda County, California",75278,2885,9653,1717,8151,1910,3980,1026,5147,1193,4257,1059,3526,820,3356,1025,3949,1018,3436,976,4907,1072,6271,1458,7939,1487,5107,1151,2030,802,2335,897,1234,614
0500000US06013,06013,"Contra Costa County, California",34712,2422,3731,1354,4030,1428,1200,616,985,609,1897,893,804,454,1806,921,1931,781,1367,781,1671,531,3540,1141,3626,839,4247,1101,1294,502,839,482,1744,762
0500000US06019,06019,"Fresno County, California",16172,1735,3143,1138,2089,682,1065,492,1981,550,396,246,663,471,553,396,963,743,445,381,952,573,1211,624,1252,543,447,380,731,512,233,174,48,80
0500000US06029,06029,"Kern County, California",12729,1550,1270,672,2010,908,1316,807,853,522,294,278,443,315,128,171,364,256,266,241,465,284,1749,789,567,366,968,675,668,503,552,291,816,583
0500000US06037,06037,"Los Angeles County, California",320533,6711,36394,3478,27538,2274,19539,2114,18374,2436,16714,2320,18828,2441,16256,2310,15962,2233,13421,2015,23495,2287,30047,2974,31480,2670,22547,2409,10292,1490,10998,1652,8648,1705
0500000US06059,06059,"Orange County, California",17097,1591,213,202,802,426,854,490,704,431,592,337,222,273,1167,581,671,449,858,605,1376,585,2072,761,2540,910,1264,594,758,483,1762,587,1242,536
0500000US06065,06065,"Riverside County, California",40021,2194,3560,1019,2780,942,1155,560,1973,864,2239,975,2001,811,1538,582,1376,737,2206,918,4175,1097,2749,848,4738,1160,4498,872,1980,730,2110,675,943,417
0500000US06067,06067,"Sacramento County, California",51721,2100,4317,886,5297,1280,3472,1075,2453,850,2986,974,4937,1211,2906,1005,2617,1003,2224,832,4668,1169,4448,1081,4619,1224,2732,958,1850,770,1175,592,1020,609
0500000US06071,06071,"San Bernardino County, California",53174,2347,4342,1124,4130,1164,3471,1082,3444,1039,3548,799,3413,1165,2055,663,3323,1164,1479,678,3325,1003,4436,1143,6694,1554,4165,1069,2177,825,1819,778,1353,581
0500000US06073,06073,"San Diego County, California",48517,2952,3603,1005,3154,1022,2530,768,3898,1100,3026,1000,1992,697,1934,897,2560,881,2932,997,4727,1287,3873,950,6597,1470,2381,711,1757,847,2432,734,1121,532
0500000US06075,06075,"San Francisco County, California",20739,1744,4360,1168,2728,864,1652,738,1117,615,1316,672,1199,590,710,445,973,649,676,405,1418,549,1065,669,903,414,835,493,603,363,829,537,355,303
0500000US06077,06077,"San Joaquin County, California",15912,1688,1716,1026,1106,557,1447,745,939,573,903,596,761,388,496,327,325,227,414,335,1516,831,1662,679,1689,660,1550,817,848,381,520,446,20,36
0500000US06081,06081,"San Mateo County, California",7468,1158,974,637,257,200,54,92,420,334,325,286,478,399,241,177,418,273,160,147,327,268,756,527,1072,587,764,368,396,278,317,219,509,411
0500000US06085,06085,"Santa Clara County, California",15946,1481,941,447,504,404,793,626,583,360,1251,769,1086,627,639,487,839,522,373,355,1484,632,1975,727,1579,662,977,481,654,505,1429,657,839,520
0500000US06095,06095,"Solano County, California",20242,1520,1219,592,866,355,640,389,766,523,445,340,1515,724,929,488,1556,599,753,397,2219,746,2549,898,2035,749,2068,896,1444,674,939,485,299,267
0500000US08005,08005,"Arapahoe County, Colorado",21032,1623,2696,1062,2043,883,1246,701,1451,677,1878,815,1518,699,684,395,607,440,667,358,1530,568,1646,518,2524,784,1186,503,652,403,257,184,447,314
0500000US08031,08031,"Denver County, Colorado",22982,1451,4792,881,2765,873,1568,627,1364,537,1529,629,1463,720,562,324,1099,632,511,352,1783,604,1540,593,1878,594,810,374,710,552,253,246,355,350
0500000US08041,08041,"El Paso County, Colorado",12960,1060,1101,630,284,212,874,607,579,405,739,448,716,602,1219,574,843,547,230,229,1181,556,2264,724,1269,611,878,406,379,270,295,284,109,136
0500000US09001,09001,"Fairfield County, Connecticut",30651,1905,3962,1087,1195,494,1477,672,1694,903,2208,752,2367,866,1648,883,1167,585,1326,657,2886,895,2720,718,2588,774,2025,711,764,389,939,463,1685,724
0500000US09003,09003,"Hartford County, Connecticut",38779,2203,5933,1270,1965,574,2440,737,1971,656,1650,706,2370,952,2037,694,1623,723,1985,787,3200,1015,4198,1176,3884,1005,2637,920,1349,629,798,410,739,340
0500000US09009,09009,"New Haven County, Connecticut",36378,2016,5353,1263,2012,801,1502,547,2130,695,2426,771,1572,841,1636,630,1303,615,2432,841,3225,932,3823,933,4450,1127,1967,630,1285,512,1102,478,160,157
0500000US10001,10001,"Kent County, Delaware",11983,900,1372,644,1022,531,738,465,692,507,145,129,425,450,874,492,455,293,458,272,1627,684,1343,581,1814,661,823,404,195,154,0,263,0,263
0500000US10003,10003,"New Castle County, Delaware",43158,2072,4195,1147,2046,1000,2328,769,2915,1027,2857,1026,3136,1024,2964,1256,2416,858,1797,616,2801,854,4138,1014,5611,1139,2922,920,1473,560,929,437,630,407
0500000US10005,10005,"Sussex County, Delaware",8548,854,659,396,982,537,842,478,840,452,743,474,454,411,371,276,101,119,669,434,994,420,894,510,570,388,219,172,100,120,29,50,81,151
0500000US11001,11001,"District of Columbia, District of Columbia",126831,2803,20673,2257,7893,1351,8216,1458,5533,1364,6009,1156,8751,1681,7169,1326,9387,1407,4621,1355,9409,1722,10574,1608,12614,1609,6618,1249,3471,960,3124,769,2769,701
0500000US12001,12001,"Alachua County, Florida",17795,1686,2233,982,1479,514,1475,685,1732,739,1959,855,1339,565,1369,771,1070,565,829,587,992,613,938,510,915,517,627,460,198,217,470,353,170,222
0500000US12005,12005,"Bay County, Florida",7119,1073,824,499,915,590,433,332,392,305,503,406,493,523,424,632,561,491,408,310,650,478,1138,560,328,308,0,305,50,82,0,305,0,305
0500000US12009,12009,"Brevard County, Florida",17584,1696,1271,700,1262,682,1084,675,1358,791,1459,521,2007,945,694,552,1707,815,798,495,1078,504,1658,812,2091,907,675,444,370,337,72,118,0,305
0500000US12011,12011,"Broward County, Florida",133287,4312,12355,1983,5597,1266,7830,1705,9073,1646,9793,1866,8505,1659,8600,1784,7011,1616,6384,1401,11984,1746,14809,2240,15984,1995,6500,1414,3322,1041,4083,1066,1457,598
0500000US12019,12019,"Clay County, Florida",6511,899,284,240,101,168,268,334,276,356,323,345,540,349,414,373,376,356,796,565,706,440,434,385,901,524,861,554,93,160,0,305,138,189
0500000US12031,12031,"Duval County, Florida",94761,2771,10562,2104,6246,1568,6145,1621,7298,1696,6883,1441,8468,1776,7358,1484,4242,1181,4300,1218,6685,1328,10873,1765,8863,1429,3432,825,1950,801,1154,515,302,255
0500000US12033,12033,"Escambia County, Florida",23397,1753,4079,1115,2620,934,2102,859,2673,949,1958,819,2009,836,1832,647,669,385,603,454,1520,637,1155,500,1684,748,325,273,55,92,113,135,0,305
0500000US12057,12057,"Hillsborough County, Florida",70692,3279,7516,1652,5405,1290,5061,1255,6177,1513,4953,1316,7088,1824,6045,1604,3694,1158,3877,1167,4256,1169,5519,1222,5270,1188,3563,1165,1057,567,786,437,425,361
0500000US12069,12069,"Lake County, Florida",7971,937,810,493,239,301,395,309,969,582,395,288,437,367,632,417,406,312,348,313,1031,467,776,397,784,478,563,415,56,67,130,171,0,305
0500000US12071,12071,"Lee County, Florida",14083,1059,2616,926,704,490,1457,633,625,325,1289,684,620,421,650,450,1170,561,717,522,405,269,1446,581,1610,683,413,390,66,111,101,117,194,313
0500000US12073,12073,"Leon County, Florida",31403,1571,4243,1121,2403,805,2471,1043,3123,1137,2611,1067,2733,1059,2220,967,2330,811,894,545,1364,636,2184,726,2720,913,1416,689,332,264,142,182,217,265
0500000US12081,12081,"Manatee County, Florida",10223,1188,1467,729,1006,621,1080,660,694,539,986,649,1212,579,1079,703,279,365,269,247,435,531,405,359,514,348,233,193,141,143,85,136,338,271
0500000US12083,12083,"Marion County, Florida",12770,1245,2054,856,1568,713,837,501,576,405,751,436,724,497,784,484,435,318,144,136,1191,581,1509,619,1343,665,394,300,171,255,132,171,157,179
0500000US12086,12086,"Miami-Dade County, Florida",142430,4137,20550,2339,12302,1972,9226,1690,12251,2188,9776,1743,7916,1741,7623,1657,7095,1379,6832,1602,11549,1572,11381,1879,14298,1830,6094,1370,2354,733,2401,768,782,424
0500000US12095,12095,"Orange County, Florida",69217,2782,6216,1282,4499,1156,5236,1434,5832,1251,6427,1628,4036,1083,5751,1291,3635,1002,3145,830,5599,1270,5529,1215,6949,1322,3269,873,1497,611,869,542,728,553
0500000US12097,12097,"Osceola County, Florida",7326,1022,128,140,321,321,894,517,536,406,580,444,537,383,417,360,617,469,52,89,673,425,1657,595,581,334,211,193,76,91,0,305,46,73
0500000US12099,12099,"Palm Beach County, Florida",59466,2607,6763,1321,3505,920,4127,1014,4357,1177,4754,1372,4061,1065,2663,795,2778,920,3599,991,5820,1063,5745,1156,5273,1291,3059,799,1421,631,1180,517,361,302
0500000US12101,12101,"Pasco County, Florida",5825,752,574,327,479,445,347,278,213,241,228,178,339,264,220,176,278,389,237,226,441,385,814,514,992,538,371,280,65,121,100,123,127,127
0500000US12103,12103,"Pinellas County, Florida",33950,2200,4049,1090,2287,796,2519,1021,2490,969,4754,1341,3213,951,2243,771,2259,914,1696,719,2553,1016,1893,719,2165,718,1082,613,308,327,57,96,382,276
0500000US12105,12105,"Polk County, Florida",30182,2071,5131,1304,1908,832,1835,824,2883,944,1336,629,1717,884,3000,1006,1985,839,2062,803,2235,890,2657,890,2087,845,799,624,355,293,63,106,129,128
0500000US12111,12111,"St. Lucie County, Florida",13889,1733,1236,599,1800,726,1493,707,828,388,1357,659,1081,650,792,449,1163,479,715,622,986,490,880,567,629,406,377,298,469,452,29,48,54,95
0500000US12115,12115,"Sarasota County, Florida",5667,894,425,368,447,357,631,435,602,347,680,422,63,107,535,365,335,274,0,305,266,205,406,256,476,390,512,333,0,305,244,317,45,89
0500000US12117,12117,"Seminole County, Florida",16775,1340,1932,602,1799,871,980,522,937,643,774,426,1378,744,1190,575,815,493,921,565,2389,876,1039,539,1319,589,1009,547,55,98,108,132,130,173
0500000US12127,12127,"Volusia County, Florida",17929,1400,3144,873,2083,873,1778,935,996,647,1567,752,583,308,991,499,939,475,934,557,1665,819,1103,703,1225,474,595,368,250,248,76,137,0,305
0500000US13021,13021,"Bibb County, Georgia",28276,1724,4948,1158,3393,833,2456,800,2007,770,1538,634,1509,585,921,428,1979,755,2560,901,2460,808,1703,652,1219,484,1318,625,209,210,56,95,0,298
0500000US13031,13031,"Bulloch County, Georgia",6267,1010,897,697,600,478,797,553,480,458,478,400,194,257,437,451,414,309,106,123,684,450,239,223,643,706,61,115,0,298,237,394,0,298
0500000US13045,13045,"Carroll County, Georgia",7067,800,850,387,904,669,718,540,44,80,411,290,354,307,196,173,545,444,372,372,874,517,970,498,764,415,0,298,65,117,0,298,0,298
0500000US13051,13051,"Chatham County, Georgia",38471,1935,5324,1185,3899,1084,3778,987,3294,967,2729,1016,2945,831,1914,804,1747,698,2154,862,3364,1034,3063,987,2533,840,912,473,440,276,284,302,91,79
0500000US13059,13059,"Clarke County, Georgia",11005,1270,2558,895,516,257,1035,542,954,534,407,314,610,382,1460,776,630,423,248,227,821,383,471,359,977,482,230,195,76,127,12,22,0,298
0500000US13063,13063,"Clayton County, Georgia",56332,2035,3494,1002,2117,895,1348,677,2053,821,3926,1157,4909,1270,4193,1003,4070,1097,3356,905,5296,1074,8588,1589,6136,1150,4260,1017,1344,608,1104,584,138,155
0500000US13067,13067,"Cobb County, Georgia",57975,2202,1973,760,2882,921,2640,965,3252,921,2765,787,3921,1114,4230,1057,3948,1205,2862,861,5148,1078,6026,1407,7835,1534,4788,1140,2076,668,2166,769,1463,651
0500000US13073,13073,"Columbia County, Georgia",5700,625,439,460,364,367,16,27,223,346,89,153,286,275,501,473,444,409,54,93,572,476,1002,560,752,435,550,348,314,251,94,165,0,298
0500000US13077,13077,"Coweta County, Georgia",8027,803,1335,601,504,527,378,267,862,555,206,257,740,508,370,349,633,430,372,345,345,323,637,486,733,427,666,436,178,178,15,28,53,84
0500000US13089,13089,"DeKalb County, Georgia",142877,4039,11559,1990,8374,1606,6833,1402,9235,1714,9023,1834,8970,1663,8783,1511,9060,1664,6244,1278,14914,1927,16514,2146,15248,2202,8727,1931,4843,1145,2987,1090,1563,824
0500000US13095,13095,"Dougherty County, Georgia",21945,1423,3591,887,2306,747,2424,893,1915,761,1872,790,1391,670,1069,566,789,441,746,523,1103,621,1176,609,1560,651,648,502,841,604,317,348,197,191
0500000US13097,13097,"Douglas County, Georgia",15445,1261,425,382,779,559,625,510,343,247,821,515,1164,586,1057,516,1205,680,1082,636,1114,476,2253,819,1948,655,1159,506,956,634,455,360,59,107
0500000US13113,13113,"Fayette County, Georgia",6029,800,347,301,58,96,347,377,375,304,248,285,288,258,609,417,102,133,97,142,213,198,593,383,907,590,821,352,551,338,244,211,229,189
0500000US13121,13121,"Fulton County, Georgia",142739,5878,18520,2358,10261,1628,9124,1722,7825,1399,8906,1496,8669,1544,8358,1740,8062,1479,6219,1245,11062,1740,12298,2200,16198,2297,9033,1616,2822,1029,3593,917,1789,708
0500000US13127,13127,"Glynn County, Georgia",6747,916,1345,772,1012,542,740,463,365,229,559,424,151,146,338,442,120,154,68,111,292,291,699,474,682,410,88,145,146,203,62,97,80,131
0500000US13135,13135,"Gwinnett County, Georgia",55655,2055,3202,946,1559,769,1931,769,2003,769,2204,613,4340,1332,3483,1072,2779,847,2286,703,6091,1466,8267,1443,8364,1506,4438,1060,2275,772,1532,661,901,417
0500000US13151,13151,"Henry County, Georgia",21086,1288,1727,700,861,423,844,627,583,385,383,357,1288,899,1175,533,994,615,995,499,2419,986,3217,957,3377,812,2353,633,516,317,304,242,50,56
0500000US13153,13153,"Houston County, Georgia",13543,1129,2062,949,854,523,339,317,381,265,558,361,765,420,713,512,1069,724,248,276,1110,523,1882,651,1989,703,602,384,398,292,492,312,81,139
0500000US13185,13185,"Lowndes County, Georgia",12308,916,2098,639,1052,473,911,557,1062,454,975,573,670,394,1027,442,531,443,236,203,1254,534,1198,581,1208,558,86,105,0,298,0,298,0,298
0500000US13215,13215,"Muscogee County, Georgia",35179,1718,5360,1147,4358,1157,2223,876,2253,816,1995,792,2794,854,2043,817,1572,627,1082,466,2891,986,2980,810,2508,946,1654,629,875,571,371,344,220,353
0500000US13217,13217,"Newton County, Georgia",11143,1133,1489,844,309,297,494,344,1109,538,172,156,1108,635,805,485,380,297,557,405,750,482,1670,594,1592,615,348,341,98,124,235,287,27,45
0500000US13245,13245,"Richmond County, Georgia",39720,1786,7060,1489,3977,1225,2200,640,2445,894,3808,1052,1693,751,2246,837,2458,922,2128,974,3608,897,3025,853,2383,850,1138,730,457,335,917,641,177,172
0500000US13247,13247,"Rockdale County, Georgia",10781,846,925,455,471,293,663,427,165,186,547,411,755,527,205,136,776,439,400,341,1068,582,1319,595,1685,785,611,359,460,310,542,432,189,258
0500000US17019,17019,"Champaign County, Illinois",9296,1216,1628,732,700,474,1195,718,781,541,943,540,506,362,482,355,232,201,659,586,683,325,586,408,166,166,328,240,301,378,54,94,52,90
0500000US17031,17031,"Cook County, Illinois",477282,5901,77557,3814,38555,3258,30897,2786,32960,2746,26074,2728,27758,2757,24428,2279,23466,2805,19216,2509,36048,3585,42836,3450,45006,4039,26315,2973,11819,1746,8877,1553,5470,1370
0500000US17043,17043,"DuPage County, Illinois",16186,1822,1341,863,944,589,445,391,1172,830,838,561,1097,674,1237,837,1093,693,659,513,1543,798,1112,839,2062,813,1107,654,189,195,955,689,392,318
0500000US17089,17089,"Kane County, Illinois",9036,1242,1641,710,328,345,577,385,344,227,300,325,507,427,445,341,526,470,550,380,725,499,847,523,1101,646,574,320,381,243,71,68,119,142
0500000US17091,17091,"Kankakee County, Illinois",5784,759,1005,455,562,263,467,383,374,267,752,452,508,410,303,226,138,163,312,199,427,342,286,222,493,326,139,149,0,267,18,34,0,267
0500000US17097,17097,"Lake County, Illinois",15599,1324,1566,589,821,408,974,537,1104,507,1207,638,988,577,674,408,590,436,826,443,722,369,978,397,1681,610,1324,612,1221,530,354,270,569,350
0500000US17113,17113,"McLean County, Illinois",4330,613,768,501,192,238,720,558,253,259,45,89,101,147,343,305,300,251,202,183,284,260,244,217,388,296,137,128,32,56,321,265,0,267
0500000US17115,17115,"Macon County, Illinois",6190,878,1304,588,916,421,228,175,845,453,673,395,119,207,202,233,271,276,179,158,222,164,240,209,674,398,79,125,170,270,0,267,68,86
0500000US17119,17119,"Madison County, Illinois",7378,895,1115,599,586,438,409,353,375,328,690,515,248,252,621,363,339,249,368,275,505,377,632,300,365,206,716,402,94,110,14,23,301,356
0500000US17143,17143,"Peoria County, Illinois",10397,1107,2096,661,931,542,600,428,1338,519,937,544,241,175,598,333,332,296,556,508,643,411,562,336,505,352,326,310,621,497,52,79,59,98
0500000US17161,17161,"Rock Island County, Illinois",4127,456,461,351,402,317,659,374,143,152,697,444,177,127,28,52,88,139,204,262,439,327,207,167,349,200,245,214,0,267,28,46,0,267
0500000US17163,17163,"St. Clair County, Illinois",29202,1516,6774,1353,2870,751,2346,823,2620,1000,2163,826,921,400,2181,806,874,469,598,342,1758,756,2417,703,1537,653,888,504,434,296,676,367,145,182
0500000US17167,17167,"Sangamon County, Illinois",8130,805,1818,626,655,391,724,426,515,404,301,251,522,313,593,403,624,388,285,180,826,439,258,248,735,504,147,153,38,67,40,64,49,78
0500000US17197,17197,"Will County, Illinois",22377,1580,1804,702,1032,553,1602,804,971,516,2140,881,1632,868,768,469,521,312,755,497,1714,868,2453,959,2538,814,2213,835,1585,661,629,483,20,34
0500000US17201,17201,"Winnebago County, Illinois",11243,1337,2692,874,1576,620,898,550,318,212,1047,536,780,518,335,239,442,489,638,508,728,464,920,751,731,422,95,118,0,267,0,267,43,72
0500000US18003,18003,"Allen County, Indiana",16394,973,3217,1165,1281,489,919,586,985,487,1516,660,1403,718,1032,532,1311,532,1019,580,665,394,1330,622,1133,598,34,62,225,228,84,142,240,253
0500000US18089,18089,"Lake County, Indiana",47799,2002,8766,1404,4685,1134,3585,871,4273,1144,2391,670,2098,706,2515,756,2198,827,2545,1002,3937,1244,2927,856,4315,1072,2104,684,753,399,493,280,214,177
0500000US18097,18097,"Marion County, Indiana",89808,2687,11483,1959,11369,2264,7122,1289,6435,1390,6735,1384,7610,1740,4979,1014,3847,1055,4797,1256,5995,1280,6779,1376,6459,1245,3234,844,1503,701,1003,551,458,350
0500000US18141,18141,"St. Joseph County, Indiana",10184,988,1721,643,782,390,920,511,1080,574,1024,492,1122,631,277,280,217,223,478,389,748,363,728,490,369,229,439,268,0,265,279,251,0,265
0500000US18163,18163,"Vanderburgh County, Indiana",5928,858,1288,498,679,410,674,513,539,342,449,367,382,281,183,199,100,115,557,454,167,282,313,303,164,170,308,404,45,74,80,103,0,265
0500000US19153,19153,"Polk County, Iowa",8830,879,1977,786,611,350,1207,613,1206,627,351,293,372,247,506,325,291,278,520,444,622,406,512,368,405,245,97,119,120,147,33,57,0,226
0500000US20091,20091,"Johnson County, Kansas",6463,795,297,311,342,324,183,163,328,233,194,161,417,386,265,202,222,182,636,393,677,401,1141,578,771,372,546,273,141,147,150,134,153,145
0500000US20173,20173,"Sedgwick County, Kansas",18276,1219,3676,1032,2306,917,1582,613,1419,702,1371,650,955,494,668,419,774,487,156,152,1091,639,2032,908,1480,540,251,199,58,104,206,218,251,312
0500000US20209,20209,"Wyandotte County, Kansas",16636,1063,3305,861,1674,639,1331,584,1827,805,791,398,829,476,1190,568,720,498,930,444,471,309,1387,607,1265,504,459,315,208,301,187,233,62,105
0500000US21047,21047,"Christian County, Kentucky",5312,854,877,436,851,544,907,574,279,258,59,108,159,155,177,161,317,333,132,150,305,173,270,191,759,358,110,139,0,271,0,271,110,129
0500000US21067,21067,"Fayette County, Kentucky",16219,1115,2019,730,1980,703,1487,591,1474,638,870,529,906,522,1255,582,492,316,630,465,966,470,1595,679,1231,514,961,431,125,175,135,211,93,115
0500000US21093,21093,"Hardin County, Kentucky",4605,397,241,210,319,346,439,323,173,164,658,448,98,115,432,356,0,271,479,412,256,235,693,440,382,290,194,243,79,145,162,190,0,271
0500000US21111,21111,"Jefferson County, Kentucky",58622,2333,11308,1505,6849,1532,4424,1122,4142,1009,3827,1072,3695,1049,3527,873,2829,796,2307,715,3566,951,4012,1047,4788,1160,1301,491,1098,513,739,448,210,168
0500000US22005,22005,"Ascension Parish, Louisiana",6835,753,584,445,386,275,450,334,601,384,494,411,63,101,219,192,110,129,593,487,955,563,902,494,884,426,471,332,41,71,0,277,82,99
0500000US22015,22015,"Bossier Parish, Louisiana",8929,736,1184,570,882,581,1086,571,308,291,897,581,414,280,693,459,710,437,170,148,851,452,395,274,356,243,749,514,234,203,0,277,0,277
0500000US22017,22017,"Caddo Parish, Louisiana",42806,1910,7279,1321,3549,962,4625,1107,5777,1439,3919,1092,3402,1045,1938,784,1913,810,2561,944,2313,680,1640,665,1549,606,844,442,382,350,831,608,284,260
0500000US22019,22019,"Calcasieu Parish, Louisiana",17381,1209,2975,888,1900,767,1106,551,1031,619,2060,783,817,497,774,499,884,746,986,585,872,512,1057,495,1346,739,1148,560,157,168,268,416,0,277
0500000US22033,22033,"East Baton Rouge Parish, Louisiana",70035,2531,8515,1531,6099,1386,5157,1158,5975,1462,5783,1465,5142,1366,3944,1172,2949,986,3093,1048,6257,1452,4920,1148,5578,1151,3158,1102,1753,849,1157,556,555,383
0500000US22045,22045,"Iberia Parish, Louisiana",8696,1161,2591,947,887,603,587,516,1287,830,958,434,222,250,87,230,524,420,245,303,553,498,234,327,180,174,341,348,0,277,0,277,0,277
0500000US22051,22051,"Jefferson Parish, Louisiana",36864,1963,4073,993,3493,1040,2833,810,3334,1023,2117,674,2215,896,1892,699,3752,1151,1749,623,2772,930,3335,959,2620,826,1459,708,412,258,581,550,227,278
0500000US22055,22055,"Lafayette Parish, Louisiana",19652,1412,4695,1273,1512,722,1265,719,1680,753,2067,787,532,312,1340,592,990,596,818,528,1730,818,931,519,1161,616,578,435,187,234,102,170,64,106
0500000US22057,22057,"Lafourche Parish, Louisiana",4243,614,735,451,953,502,548,376,118,141,320,309,83,120,52,88,258,215,69,81,225,195,345,329,283,269,151,141,103,120,0,277,0,277
0500000US22071,22071,"Orleans Parish, Louisiana",46591,2624,8556,1504,5502,1180,4644,930,3160,808,3850,772,2761,716,2427,737,2292,793,2205,625,2726,707,3040,675,2338,618,1817,674,546,340,408,291,319,235
0500000US22073,22073,"Ouachita Parish, Louisiana",18706,1256,4597,1080,2405,859,1420,585,1366,578,1833,675,1230,601,668,472,649,405,874,504,737,412,1265,679,883,521,517,411,170,248,10,16,82,134
0500000US22079,22079,"Rapides Parish, Louisiana",13459,1008,1097,390,1422,626,1481,598,1610,660,1269,743,1256,619,587,334,503,372,447,305,656,384,1265,507,1210,630,425,314,172,200,16,28,43,73
0500000US22097,22097,"St. Landry Parish, Louisiana",13859,1053,3667,944,1987,742,1704,798,804,470,851,467,813,467,459,403,911,604,303,239,490,359,903,542,513,313,328,235,58,100,0,277,68,114
0500000US22103,22103,"St. Tammany Parish, Louisiana",9423,1215,944,567,497,349,434,715,816,563,772,748,1180,696,323,400,360,270,1061,578,723,411,679,450,871,509,326,277,217,167,140,166,80,103
0500000US22105,22105,"Tangipahoa Parish, Louisiana",12024,925,3023,914,575,309,1172,590,1005,693,609,370,1475,755,666,480,634,391,873,611,349,304,692,416,304,277,623,741,0,277,24,42,0,277
0500000US22109,22109,"Terrebonne Parish, Louisiana",7117,813,754,483,491,423,1105,725,148,183,1514,838,65,112,42,72,573,401,631,497,549,472,776,612,307,247,0,277,162,204,0,277,0,277
0500000US24003,24003,"Anne Arundel County, Maryland",26106,1684,884,475,585,408,997,567,735,436,1077,589,1256,666,337,263,1263,623,2142,896,3162,990,2825,784,4241,993,2802,973,1721,698,1273,544,806,514
0500000US24005,24005,"Baltimore County, Maryland",74396,2527,4364,1098,2177,777,1625,701,2937,1142,3326,1101,5236,1289,4339,1308,4176,1134,5106,1299,6894,1452,8793,1634,11862,1579,6120,1251,3484,906,3051,845,906,494
0500000US24009,24009,"Calvert County, Maryland",4348,677,239,223,471,464,242,262,525,426,170,200,276,286,356,358,0,281,125,204,417,361,384,305,109,139,351,296,358,283,209,205,116,156
0500000US24017,24017,"Charles County, Maryland",19098,998,697,345,902,658,354,341,530,460,736,497,335,350,502,369,563,419,878,539,1583,777,1324,654,3950,1006,3169,870,1308,644,1779,584,488,325
0500000US24021,24021,"Frederick County, Maryland",6501,959,518,479,303,251,188,171,506,500,181,218,388,480,389,313,208,174,0,281,472,454,1057,577,981,415,495,297,344,359,315,239,156,183
0500000US24025,24025,"Harford County, Maryland",11129,1047,852,543,534,373,200,233,628,389,379,321,153,176,0,281,938,582,517,522,1246,647,1820,1022,1927,743,723,433,431,429,646,389,135,163
0500000US24027,24027,"Howard County, Maryland",16421,1121,257,223,382,328,161,243,605,455,208,217,412,364,293,293,1076,620,579,427,1760,747,2245,885,2321,831,2365,820,1383,638,1187,444,1187,461
0500000US24031,24031,"Montgomery County, Maryland",52264,2361,2997,929,1433,693,1339,561,2151,961,1703,656,2357,897,2190,944,2962,814,2256,805,5438,1192,4534,1062,8404,1590,4985,1147,3729,1053,2929,805,2857,871
0500000US24033,24033,"Prince George's County, Maryland",198082,2916,8887,1616,2998,956,4295,1063,6654,1215,7078,1562,7105,1301,8008,1595,9288,1600,7590,1464,16855,2362,24344,2457,32498,3072,23483,2485,15931,2102,16220,1718,6848,1274
0500000US24045,24045,"Wicomico County, Maryland",9453,876,1322,519,850,539,901,566,738,428,333,247,602,461,895,587,805,489,661,665,753,557,538,473,438,304,244,284,162,272,141,215,70,113
0500000US24510,24510,"Baltimore city, Maryland",143413,3478,24692,2419,11243,1877,10635,1970,9805,1732,8582,1656,7995,1488,8291,1417,8373,1560,7218,1474,12023,2005,14222,2120,11790,1668,4007,1175,2614,946,1399,553,524,406
0500000US25005,25005,"Bristol County, Massachusetts",6264,1015,681,414,415,415,390,410,224,202,602,367,79,141,431,507,135,158,132,128,295,314,1156,670,336,271,241,173,190,145,163,162,794,590
0500000US25009,25009,"Essex County, Massachusetts",8750,1054,1288,708,686,468,235,221,708,496,178,176,803,463,301,186,388,373,357,278,844,750,1322,583,312,260,736,508,412,285,180,168,0,281
0500000US25013,25013,"Hampden County, Massachusetts",12254,1140,1396,524,1123,481,963,497,1078,520,714,400,665,448,738,484,797,447,344,291,1077,553,881,473,1379,644,539,345,427,327,62,103,71,121
0500000US25017,25017,"Middlesex County, Massachusetts",20307,1435,1958,637,1285,588,522,380,1154,627,1039,524,1474,627,1107,695,526,351,650,354,1087,488,1821,628,3462,983,2054,675,938,512,950,498,280,196
0500000US25021,25021,"Norfolk County, Massachusetts",11883,998,594,328,399,385,499,429,364,296,93,151,405,333,695,533,450,391,844,601,1035,623,1440,699,2410,909,775,378,434,337,1062,584,384,275
0500000US25023,25023,"Plymouth County, Massachusetts",11043,1172,730,383,686,393,550,421,663,405,1012,517,427,328,837,516,609,398,314,227,482,281,1579,755,1053,458,1040,570,929,582,132,220,0,281
0500000US25025,25025,"Suffolk County, Massachusetts",50347,2504,8405,1401,4122,910,3351,909,3110,783,3283,863,2862,1035,3113,734,2358,699,1903,643,4715,1080,2817,765,4592,922,3198,953,1190,662,694,348,634,303
0500000US25027,25027,"Worcester County, Massachusetts",9167,1156,497,215,414,337,266,235,1152,562,758,501,320,267,140,154,704,478,961,612,911,523,1085,572,1108,486,474,349,147,180,142,138,88,107
0500000US26021,26021,"Berrien County, Michigan",8145,790,2571,674,959,489,978,458,246,235,212,168,490,402,357,274,345,367,452,266,310,266,600,285,479,262,87,90,40,69,13,26,6,11
0500000US26025,26025,"Calhoun County, Michigan",6030,635,982,455,901,554,614,432,694,475,220,188,512,370,740,447,346,334,52,89,185,235,288,236,330,245,110,138,0,242,0,242,56,97
0500000US26049,26049,"Genesee County, Michigan",33698,1344,7793,1385,2528,840,2124,729,3051,1083,2611,715,2682,792,1958,705,1345,582,1899,632,1967,771,1772,683,1947,584,902,394,405,280,654,358,60,100
0500000US26065,26065,"Ingham County, Michigan",10642,1003,2093,578,913,483,198,213,1296,606,895,610,333,228,466,237,254,198,626,369,568,356,1420,623,701,385,326,291,404,351,105,119,44,84
0500000US26077,26077,"Kalamazoo County, Michigan",8429,739,1526,517,1161,625,522,336,736,445,820,412,670,406,363,226,650,435,185,181,624,391,248,214,189,206,494,295,156,133,41,67,44,77
0500000US26081,26081,"Kent County, Michigan",17665,1528,3499,931,2384,698,1054,568,1647,721,1393,701,1170,502,684,453,1042,553,882,481,878,461,1216,676,1071,521,398,371,170,173,137,162,40,71
0500000US26099,26099,"Macomb County, Michigan",21721,1455,2721,907,1535,714,1726,808,1828,889,500,435,1909,952,1342,663,446,248,1246,779,1258,537,2121,706,2675,874,1447,757,594,348,373,387,0,242
0500000US26121,26121,"Muskegon County, Michigan",7815,739,1419,625,1359,495,630,374,658,346,426,311,554,307,280,258,296,272,432,365,566,339,463,310,267,256,274,306,100,150,91,133,0,242
0500000US26125,26125,"Oakland County, Michigan",56808,2403,4639,1171,2248,863,2369,660,3058,1097,3814,964,3730,1067,3154,1062,3244,992,2205,713,5587,1419,6169,1097,6712,1228,4341,1136,2810,862,1406,551,1322,634
0500000US26145,26145,"Saginaw County, Michigan",13818,970,3458,855,2040,622,746,415,1236,534,985,597,1013,434,547,299,337,271,397,279,688,381,736,485,1116,473,261,294,107,124,32,51,119,107
0500000US26161,26161,"Washtenaw County, Michigan",15520,1864,2247,805,882,393,1459,655,1684,721,1694,747,1100,515,653,410,698,461,561,365,966,473,529,304,1728,630,565,295,267,203,269,215,218,192
0500000US26163,26163,"Wayne County, Michigan",271249,4850,47119,3017,26825,2904,22812,1942,19055,1871,18108,2213,20728,2394,16369,2277,11506,1637,12624,1682,18633,2254,19800,2084,19165,1982,11336,1661,3869,1007,1932,596,1368,519
0500000US27053,27053,"Hennepin County, Minnesota",45592,2476,9032,1563,3500,1199,3414,1036,3835,1227,4846,1461,3369,925,1813,785,1692,633,2396,885,1854,756,3496,1009,2915,791,1282,573,921,518,586,296,641,406
0500000US27123,27123,"Ramsey County, Minnesota",16048,1279,4072,1063,1491,613,721,513,1113,522,2244,875,1345,752,536,370,780,475,296,217,596,286,1185,479,887,427,307,218,306,279,169,252,0,211
0500000US28033,28033,"DeSoto County, Mississippi",10723,912,346,305,663,507,779,653,658,424,180,233,798,523,524,333,835,505,560,449,1116,678,965,521,1459,682,1289,586,356,410,195,227,0,287
0500000US28035,28035,"Forrest County, Mississippi",9587,1138,1500,609,1503,781,723,413,810,617,778,521,910,565,792,529,325,296,152,198,540,410,763,407,411,417,247,247,133,208,0,287,0,287
0500000US28047,28047,"Harrison County, Mississippi",17014,1184,2468,809,1609,872,831,555,1658,867,2085,960,1219,735,1616,880,564,379,1013,610,1536,791,1088,565,981,437,249,248,0,287,97,167,0,287
0500000US28049,28049,"Hinds County, Mississippi",57634,2222,10247,1589,4405,933,5373,1174,5356,1169,3656,916,2765,907,2407,828,2963,1025,2147,653,3589,1018,5669,1171,4163,1084,2931,978,927,541,710,477,326,303
0500000US28059,28059,"Jackson County, Mississippi",10800,1033,1641,806,1108,779,963,627,1364,705,307,307,357,242,374,292,1968,970,0,287,1127,436,606,383,825,600,111,171,49,80,0,287,0,287
0500000US28067,28067,"Jones County, Mississippi",6796,1112,1493,674,593,538,735,500,752,644,492,398,660,514,607,470,192,245,10,19,422,414,368,315,374,293,42,72,0,287,0,287,56,112
0500000US28075,28075,"Lauderdale County, Mississippi",11785,1528,2160,840,1613,862,1225,666,661,467,800,525,800,503,403,255,718,473,1030,531,941,537,536,432,471,357,107,145,0,287,142,234,178,185
0500000US28081,28081,"Lee County, Mississippi",8236,719,1081,559,1222,664,563,378,940,467,1047,659,411,371,440,338,472,297,0,287,907,547,434,299,719,575,0,287,0,287,0,287,0,287
0500000US28089,28089,"Madison County, Mississippi",11493,834,1112,577,1786,701,542,295,617,394,596,377,738,442,343,266,529,389,374,282,441,292,1107,621,2109,767,848,459,169,180,138,143,44,76
0500000US28121,28121,"Rankin County, Mississippi",9642,1008,1404,815,886,601,433,471,960,656,523,418,667,446,567,529,413,310,558,395,1153,615,741,497,539,405,613,473,125,152,0,287,60,103
0500000US29095,29095,"Jackson County, Missouri",62310,2172,8594,1422,5770,1212,5262,1281,4658,1121,4194,1076,5456,1322,4009,1215,2817,935,2896,1084,4790,1080,4628,1289,3938,858,3069,891,1207,550,612,359,410,242
0500000US29189,29189,"St. Louis County, Missouri",80375,3071,8396,1501,3412,936,6903,1430,4767,974,5549,1293,5001,1260,5047,1444,4725,1256,5845,1313,7650,1506,8833,1502,8204,1461,2128,691,1906,788,1370,594,639,429
0500000US29510,29510,"St. Louis city, Missouri",62441,2808,11549,1644,6402,1349,6005,1107,6674,1443,6183,1366,4243,957,2767,794,2804,888,2837,940,3610,1025,3545,877,2955,867,2073,759,266,227,208,175,320,346
0500000US31055,31055,"Douglas County, Nebraska",20404,1598,3748,1014,2366,937,1251,569,2018,683,1937,631,2104,700,1156,551,957,417,812,451,865,392,1173,647,958,399,260,238,41,71,579,448,179,223
0500000US32003,32003,"Clark County, Nevada",66730,2583,6702,1522,3613,880,3474,1105,4626,1081,4741,1428,4398,1175,3668,1131,3371,921,4026,1160,6234,1363,7340,1367,8025,1654,3307,909,1791,703,811,499,603,470
0500000US34001,34001,"Atlantic County, New Jersey",17279,1788,2560,827,1366,675,387,272,969,430,1140,679,751,418,1300,670,509,306,794,593,1683,879,1934,833,2282,792,584,393,433,346,380,292,207,174
0500000US34003,34003,"Bergen County, New Jersey",19555,1851,1814,765,274,263,672,448,533,500,337,240,614,463,1002,569,1754,873,718,426,1469,788,2859,1107,2595,984,1535,795,992,482,1312,681,1075,551
0500000US34005,34005,"Burlington County, New Jersey",24077,1608,1351,649,848,425,1280,655,574,356,738,368,794,463,509,323,848,409,990,641,2608,792,2470,769,4020,852,2898,737,1953,827,2033,769,163,159
0500000US34007,34007,"Camden County, New Jersey",36766,1861,5058,1277,3023,839,2742,1091,1532,457,1936,680,1764,647,2388,797,1604,774,1203,668,2623,878,3350,1014,3759,1220,3088,782,915,383,1204,632,577,382
0500000US34011,34011,"Cumberland County, New Jersey",8632,910,971,366,541,295,495,378,825,425,405,243,907,504,329,283,158,143,678,534,623,374,535,383,1361,493,585,353,196,257,0,277,23,45
0500000US34013,34013,"Essex County, New Jersey",116891,3029,15232,1815,9297,1589,6231,1310,6567,1308,5724,1320,5943,1315,8036,1655,5480,1331,5090,1327,9073,1579,12533,1856,13042,1730,6220,1383,4249,961,2358,549,1816,600
0500000US34015,34015,"Gloucester County, New Jersey",10703,866,1200,696,350,239,373,371,499,368,300,308,63,98,698,490,787,482,384,300,1490,617,1246,557,634,355,932,430,927,535,419,250,401,402
0500000US34017,34017,"Hudson County, New Jersey",30967,1960,3642,1123,1379,622,2489,799,1301,621,1809,719,1898,735,2228,746,1856,673,1157,564,2700,885,3263,791,2872,993,1745,714,1654,669,430,296,544,308
0500000US34021,34021,"Mercer County, New Jersey",25782,1641,3364,1039,1916,786,2542,1037,1727,615,847,592,1188,632,1095,712,1990,587,351,218,2823,829,2168,825,1731,688,1754,653,624,331,1009,599,653,475
0500000US34023,34023,"Middlesex County, New Jersey",25022,1786,1465,684,728,427,307,236,658,464,861,485,1014,573,740,429,964,505,1511,676,2637,853,3142,836,2844,826,3335,915,1643,608,2154,875,1019,475
0500000US34025,34025,"Monmouth County, New Jersey",14966,1180,1241,543,520,389,601,391,618,407,847,475,1038,662,816,518,657,413,748,504,1401,541,1447,665,1648,544,1060,507,879,484,1147,558,298,299
0500000US34027,34027,"Morris County, New Jersey",5263,833,0,277,495,522,401,387,0,277,268,230,131,140,340,272,295,321,449,373,490,391,632,402,620,450,378,254,453,357,122,136,189,198
0500000US34029,34029,"Ocean County, New Jersey",6244,1135,741,510,0,277,636,580,543,432,848,744,471,350,118,109,149,185,0,277,111,182,181,172,800,431,745,610,307,345,371,380,223,352
0500000US34031,34031,"Passaic County, New Jersey",19391,1637,3734,1053,915,419,1000,465,949,503,1151,480,764,415,1454,689,1389,743,1030,621,776,520,2188,764,2285,776,1087,539,274,230,210,203,185,203
0500000US34033,34033,"Salem County, New Jersey",3427,809,520,325,302,212,120,146,424,271,393,315,155,153,211,180,118,173,120,160,308,211,140,175,351,294,123,113,0,277,142,202,0,277
0500000US34035,34035,"Somerset County, New Jersey",9618,1211,342,259,299,281,256,259,69,118,230,201,238,226,226,288,387,241,580,312,451,316,790,542,1811,884,974,527,1634,672,422,397,909,655
0500000US34039,34039,"Union County, New Jersey",37370,1932,3851,1145,1762,741,1690,585,1913,677,1445,638,1885,718,1153,633,1842,630,1625,681,2917,762,5048,1407,5526,1297,2444,736,1651,492,2032,691,586,360
0500000US35001,35001,"Bernalillo County, New Mexico",7962,818,1513,693,834,627,748,486,395,557,186,180,403,308,362,372,543,407,121,133,516,330,744,448,1052,682,69,114,153,154,209,188,114,132
0500000US36001,36001,"Albany County, New York",11710,1295,1537,567,517,328,491,383,1254,654,1168,592,1293,605,707,342,181,180,561,365,1092,597,1212,501,786,428,689,470,73,120,149,159,0,277
0500000US36005,36005,"Bronx County, New York",172319,4391,25123,2590,13044,2000,11596,1683,10967,1671,10755,1859,10862,1659,9473,1580,8730,1671,7271,1479,14303,2084,16709,2407,16076,2169,8689,1521,4209,988,3379,812,1133,497
0500000US36027,36027,"Dutchess County, New York",8839,1127,1675,539,425,369,55,98,488,425,698,413,551,495,172,177,207,190,175,197,1008,538,817,686,1009,399,369,350,362,293,479,347,349,398
0500000US36029,36029,"Erie County, New York",52264,1974,11056,1931,6555,1391,4298,1115,3439,1208,3370,933,4354,1115,2695,1160,1219,510,1969,631,3363,901,3823,1019,3032,1011,1696,585,664,427,521,483,210,215
0500000US36047,36047,"Kings County, New York",304546,4884,46659,3394,18909,2027,19427,2185,15020,2010,18350,2190,16541,2220,15888,1597,16104,2209,14027,2139,24795,2584,28008,2542,30545,2789,18861,2390,8226,1440,8434,1417,4752,969
0500000US36055,36055,"Monroe County, New York",36523,2253,7488,1346,2836,729,3341,1038,3893,1089,2271,768,1948,811,1966,732,1514,608,1535,597,2251,684,1893,655,2709,826,1708,693,583,374,402,227,185,184
0500000US36059,36059,"Nassau County, New York",40868,2000,3053,1079,1380,565,1146,570,844,462,1024,599,1339,550,1038,513,1364,587,1822,689,3757,1037,3648,913,5530,970,4793,1042,3671,901,3749,915,2710,854
0500000US36061,36061,"New York County, New York",96653,4833,19731,2650,8570,1676,6559,1532,5549,1129,7302,1506,5754,1316,4412,1170,4744,1101,4401,1149,7263,1480,7348,1425,6818,1434,3231,858,1490,593,1565,517,1916,743
0500000US36063,36063,"Niagara County, New York",6000,677,1586,718,778,535,532,490,541,332,235,287,338,300,119,132,396,318,84,97,500,363,441,310,334,304,54,52,62,98,0,277,0,277
0500000US36067,36067,"Onondaga County, New York",17606,1053,2829,847,2202,709,1772,776,888,500,2069,823,567,314,1453,547,658,409,902,493,1460,601,1044,540,811,385,531,389,256,242,41,66,123,145
0500000US36071,36071,"Orange County, New York",11227,1168,1120,564,676,431,476,309,331,309,471,389,620,418,494,357,475,388,389,380,859,574,838,541,1837,830,1109,617,993,595,316,195,223,189
0500000US36081,36081,"Queens County, New York",139589,4354,10720,1710,6050,1361,4729,922,7167,1445,7903,1594,6184,1356,5859,1310,5814,1445,5140,924,12452,1779,15321,1974,22611,2803,13186,1978,7834,1332,5827,1198,2792,744
0500000US36085,36085,"Richmond County, New York",17150,1428,3097,949,1511,938,1401,898,675,415,441,351,689,405,1061,702,624,525,389,269,1706,616,1543,653,1805,661,1468,572,133,129,450,305,157,182
0500000US36087,36087,"Rockland County, New York",9702,1132,336,313,8,16,371,259,658,458,597,402,400,294,225,236,629,378,442,313,543,404,807,499,1121,391,964,385,544,281,1390,575,667,381
0500000US36093,36093,"Schenectady County, New York",4480,828,690,472,805,513,89,109,427,360,207,200,439,274,533,452,184,129,132,160,145,176,295,232,71,89,372,309,0,277,91,82,0,277
0500000US36103,36103,"Suffolk County, New York",28283,1786,2224,754,1114,680,1737,781,641,498,664,373,804,489,987,609,1992,836,948,449,2475,1037,3189,876,4979,1250,2482,707,1575,740,1408,630,1064,480
0500000US36119,36119,"Westchester County, New York",48874,2299,5587,1185,3178,975,2523,786,2281,733,1926,652,2812,1070,2711,956,2268,757,1664,820,4564,1272,4841,1203,5432,1181,3277,921,1982,722,2343,755,1485,542
0500000US37001,37001,"Alamance County, North Carolina",10901,808,1413,558,1244,670,1045,560,1000,541,1014,581,618,459,745,340,603,402,470,357,621,353,1235,555,290,243,308,262,272,331,23,41,0,289
0500000US37021,37021,"Buncombe County, North Carolina",6390,936,1228,629,698,411,517,360,187,178,467,418,180,198,198,172,438,411,199,236,666,454,584,394,779,489,102,122,147,153,0,289,0,289
0500000US37025,37025,"Cabarrus County, North Carolina",8305,875,1173,750,627,486,198,235,611,509,230,183,230,212,540,413,402,386,274,260,1191,785,1057,556,1030,521,169,224,169,140,172,276,232,210
0500000US37035,37035,"Catawba County, North Carolina",5026,752,735,458,492,345,242,236,630,436,761,465,145,238,760,590,47,86,450,452,230,217,343,240,67,114,60,100,0,289,64,111,0,289
0500000US37045,37045,"Cleveland County, North Carolina",7488,801,1148,679,839,535,725,374,970,714,675,428,1000,584,100,119,438,473,352,271,558,379,99,139,584,351,0,289,0,289,0,289,0,289
0500000US37049,37049,"Craven County, North Carolina",10277,792,1698,754,615,481,650,386,857,488,836,374,1290,600,571,486,487,380,165,188,1040,728,721,431,825,636,184,216,130,160,121,196,87,152
0500000US37051,37051,"Cumberland County, North Carolina",46996,2234,6114,1281,2936,993,3486,993,4586,1350,3267,1155,2511,1045,2252,932,1820,855,2039,727,2511,818,5459,1210,4786,1140,2341,994,1848,888,610,583,430,310
0500000US37057,37057,"Davidson County, North Carolina",5373,860,908,537,527,353,548,416,528,311,479,427,477,374,259,225,344,251,378,372,129,152,101,126,435,389,184,194,76,125,0,289,0,289
0500000US37063,37063,"Durham County, North Carolina",38836,2009,4590,1284,2163,728,3131,1160,2086,831,1789,751,3158,1241,2600,917,1493,855,1838,798,3511,914,3423,960,4254,1132,2448,839,956,489,1162,610,234,208
0500000US37067,37067,"Forsyth County, North Carolina",35187,1618,5761,1352,2094,677,2532,788,4162,1081,2010,805,1953,711,3111,1045,1646,718,1971,667,3058,826,1800,665,2620,798,1313,677,352,274,439,321,365,311
0500000US37071,37071,"Gaston County, North Carolina",11294,1134,2055,856,524,415,915,478,893,643,381,342,730,411,1098,554,754,554,266,340,734,452,863,525,868,577,666,581,95,118,149,188,303,296
0500000US37081,37081,"Guilford County, North Carolina",56009,2165,6369,1369,5552,1165,4397,1054,4067,903,3873,1197,4530,1036,2859,930,3515,1005,3419,998,5226,1077,5480,1211,4078,1019,1329,482,403,256,628,458,284,217
0500000US37085,37085,"Harnett County, North Carolina",7702,760,951,431,855,436,735,371,333,379,461,312,469,283,841,531,245,204,409,331,335,246,688,387,1145,540,195,208,0,289,40,73,0,289
0500000US37097,37097,"Iredell County, North Carolina",6432,821,891,579,285,190,555,440,950,510,284,242,137,130,654,379,67,106,130,108,555,336,904,560,827,396,135,140,0,289,58,101,0,289
0500000US37101,37101,"Johnston County, North Carolina",8366,851,1383,620,728,468,339,298,816,596,810,540,819,615,644,470,341,272,216,212,193,219,893,429,398,214,250,246,313,362,223,229,0,289
0500000US37119,37119,"Mecklenburg County, North Carolina",106093,2833,9187,1316,5833,1416,7136,1731,8663,2002,6433,1388,7174,1644,6449,1420,7525,1702,5378,1422,11719,2016,11611,1631,9618,1713,5033,1278,1758,747,1922,668,654,372
0500000US37127,37127,"Nash County, North Carolina",12237,1029,2337,779,966,391,878,554,454,319,392,321,592,358,751,573,763,507,753,593,851,467,1179,590,1211,675,397,376,424,412,127,160,162,165
0500000US37129,37129,"New Hanover County, North Carolina",11755,1128,2742,892,1719,823,319,245,783,508,522,373,381,278,787,385,523,311,235,233,955,624,996,442,748,420,363,350,217,198,301,269,164,176
0500000US37133,37133,"Onslow County, North Carolina",11256,912,1312,721,328,315,784,477,589,435,824,573,1479,1070,957,822,842,573,253,249,1180,698,690,484,1193,563,428,326,310,272,87,102,0,289
0500000US37135,37135,"Orange County, North Carolina",7304,782,1807,914,683,527,621,508,502,324,280,208,487,389,246,314,492,438,164,161,230,197,426,285,564,473,201,293,178,236,230,240,193,236
0500000US37147,37147,"Pitt County, North Carolina",20467,1341,2962,936,2111,735,3489,1188,1236,510,1855,916,1288,637,899,561,1640,825,531,354,1525,631,1455,568,1003,573,367,285,49,83,57,91,0,289
0500000US37155,37155,"Robeson County, North Carolina",9183,990,1759,508,1385,597,815,525,687,308,795,502,585,390,235,177,654,317,332,257,534,373,643,328,332,349,206,199,73,107,83,101,65,90
0500000US37157,37157,"Rockingham County, North Carolina",6823,744,626,299,455,247,499,339,463,277,953,642,677,331,612,389,467,361,416,282,372,307,832,528,399,247,52,82,0,289,0,289,0,289
0500000US37159,37159,"Rowan County, North Carolina",8713,1041,1626,692,1141,606,574,373,681,573,681,363,446,439,902,620,525,418,722,545,238,249,108,152,871,444,125,160,0,289,0,289,73,133
0500000US37179,37179,"Union County, North Carolina",6743,860,483,340,294,260,278,314,145,162,764,621,1031,605,320,270,534,383,617,412,231,173,689,436,401,244,111,97,535,380,95,116,215,213
0500000US37183,37183,"Wake County, North Carolina",63199,2257,5972,1253,3810,1245,3125,1012,3815,1137,4255,1462,4458,1345,3848,1273,3519,1131,3656,1050,5135,1418,7276,1571,8180,1312,2993,867,1463,568,1470,667,224,169
0500000US37191,37191,"Wayne County, North Carolina",15008,1116,3612,827,1762,633,1217,507,925,427,1406,514,1026,500,609,344,1214,553,1182,496,579,322,443,240,475,332,202,169,0,289,305,198,51,90
0500000US37195,37195,"Wilson County, North Carolina",11560,1484,2106,682,1946,665,539,376,828,499,780,391,941,599,274,204,1066,497,660,427,533,387,829,489,625,401,338,377,95,161,0,289,0,289
0500000US39017,39017,"Butler County, Ohio",9125,1066,1630,928,802,528,717,555,892,453,427,412,506,345,472,321,499,410,193,252,908,397,788,471,735,405,96,119,103,185,211,193,146,161
0500000US39023,39023,"Clark County, Ohio",4214,458,635,334,397,268,80,107,546,363,138,129,29,45,306,239,130,114,472,330,304,275,648,429,313,265,126,136,48,80,0,265,42,70
0500000US39035,39035,"Cuyahoga County, Ohio",150487,3889,30948,2726,15471,1901,11221,1341,10970,1493,10597,1839,8869,1317,6522,1373,7459,1239,6742,1395,9720,1669,12227,1776,10103,1395,5768,1151,1752,761,1325,494,793,404
0500000US39049,39049,"Franklin County, Ohio",84037,2591,14960,1797,5510,1020,5500,1126,6872,1169,5986,1293,6277,1306,4728,1104,4082,1067,5166,1407,5067,1205,6921,1291,6263,1246,3241,888,1382,605,1584,505,498,279
0500000US39061,39061,"Hamilton County, Ohio",80209,2830,14967,1992,7339,1387,6984,1469,6010,1305,6010,1335,5918,1560,3882,1203,3848,1184,2928,912,5211,1251,5238,1285,6383,1359,3523,1113,825,488,742,394,401,286
0500000US39093,39093,"Lorain County, Ohio",7672,972,1356,644,552,493,151,157,214,208,941,520,1174,645,315,253,376,266,78,128,325,315,744,494,715,443,606,362,70,111,55,91,0,265
0500000US39095,39095,"Lucas County, Ohio",34083,1618,8501,1588,3848,929,2387,712,3025,949,2176,900,2887,847,2786,975,2000,826,827,340,1191,608,1849,579,1263,495,715,469,141,140,426,405,61,107
0500000US39099,39099,"Mahoning County, Ohio",16494,1142,4286,1054,3072,838,1098,411,1607,670,835,375,1012,477,1117,539,727,407,142,168,688,401,952,538,612,401,194,183,116,131,0,265,36,60
0500000US39113,39113,"Montgomery County, Ohio",46613,1826,9299,1536,4867,1310,3262,964,3046,965,2987,823,3140,884,3045,837,2530,831,2372,1033,2532,808,3922,937,2854,988,1570,569,479,347,465,351,243,178
0500000US39151,39151,"Stark County, Ohio",10378,884,2728,918,1053,621,876,465,691,451,572,350,1115,547,489,418,829,477,217,229,293,232,468,336,544,330,182,177,176,270,145,257,0,265
0500000US39153,39153,"Summit County, Ohio",31089,1715,5975,1080,2806,1000,2381,881,3819,1297,2354,694,1591,694,1653,594,1294,656,1589,694,1845,770,2001,678,1988,791,1010,430,221,194,359,247,203,196
0500000US39155,39155,"Trumbull County, Ohio",7755,732,1414,677,780,566,967,682,277,238,452,388,206,232,55,96,558,449,658,503,715,649,849,676,562,410,224,199,0,265,0,265,38,63
0500000US40027,40027,"Cleveland County, Oklahoma",3633,608,315,299,359,312,266,299,416,405,219,174,177,270,232,228,28,49,0,248,332,294,588,469,129,130,101,126,175,152,45,71,251,330
0500000US40031,40031,"Comanche County, Oklahoma",6460,833,670,419,261,194,584,390,341,225,568,406,803,487,296,316,274,288,151,162,327,300,590,363,884,405,578,367,78,98,55,91,0,248
0500000US40109,40109,"Oklahoma County, Oklahoma",39909,2055,6954,1664,3536,1033,2633,953,2809,899,2651,909,2941,932,2589,791,1782,768,2230,841,3506,1230,3182,952,2539,800,1604,609,661,413,153,149,139,156
0500000US40143,40143,"Tulsa County, Oklahoma",25700,1696,4522,1117,3454,1231,2254,768,2109,843,2085,854,1778,792,1914,645,1558,721,762,320,1684,663,1533,690,972,463,414,292,428,374,176,169,57,96
0500000US41051,41051,"Multnomah County, Oregon",14669,1622,2727,883,1957,823,1412,701,860,541,766,481,505,364,582,489,607,454,576,356,677,360,1218,672,863,356,546,339,682,404,551,421,140,222
0500000US42003,42003,"Allegheny County, Pennsylvania",67019,2388,12272,1723,7478,1464,6260,1343,5618,1182,4878,1206,3828,996,4280,984,2670,761,3100,938,4321,1179,5486,1189,4140,1238,1478,622,197,226,646,509,367,238
0500000US42007,42007,"Beaver County, Pennsylvania",4136,615,926,468,326,269,234,226,338,248,174,187,525,394,121,149,295,280,255,213,305,253,360,240,180,216,97,159,0,242,0,242,0,242
0500000US42011,42011,"Berks County, Pennsylvania",5617,896,513,313,841,505,520,399,75,105,97,169,308,241,235,234,633,424,328,303,537,430,758,581,405,316,141,221,71,123,155,255,0,242
0500000US42017,42017,"Bucks County, Pennsylvania",8260,947,639,449,703,597,245,277,288,299,539,450,222,307,714,613,1500,685,253,256,942,489,647,329,724,463,502,297,96,120,0,242,246,235
0500000US42029,42029,"Chester County, Pennsylvania",10250,1204,771,490,614,415,411,282,409,372,833,453,246,176,617,426,580,451,289,328,1028,484,1021,559,1739,999,1115,889,438,288,73,120,66,111
0500000US42043,42043,"Dauphin County, Pennsylvania",15782,1212,2130,827,823,414,1382,669,1214,574,1172,574,1033,517,1444,608,787,411,735,410,1136,483,1301,614,1090,426,963,529,295,355,213,178,64,107
0500000US42045,42045,"Delaware County, Pennsylvania",35771,1897,4595,937,2653,853,2156,682,1746,630,2648,882,2873,837,2099,766,1967,734,2041,634,2633,746,2651,728,3326,889,2412,821,1149,548,500,292,322,249
0500000US42049,42049,"Erie County, Pennsylvania",4909,1132,744,357,783,485,398,303,258,213,529,387,284,279,384,299,261,237,115,139,777,588,163,143,89,118,76,112,48,80,0,242,0,242
0500000US42071,42071,"Lancaster County, Pennsylvania",4725,1520,779,524,232,235,360,337,144,180,186,218,300,248,281,277,723,549,150,189,571,372,272,234,412,384,175,183,140,131,0,242,0,242
0500000US42077,42077,"Lehigh County, Pennsylvania",5459,734,490,304,52,67,230,212,180,143,442,314,625,387,182,145,236,214,430,297,477,324,646,388,469,330,554,375,398,374,48,85,0,242
0500000US42089,42089,"Monroe County, Pennsylvania",6274,1168,279,256,93,105,444,477,589,676,55,93,253,245,93,147,0,242,720,587,342,310,876,708,680,564,1153,668,136,138,561,549,0,242
0500000US42091,42091,"Montgomery County, Pennsylvania",24220,1919,2009,807,605,404,1091,619,1497,776,1108,652,1148,559,1009,512,1858,819,855,413,1982,680,2746,1029,2697,808,3465,1023,824,540,661,309,665,354
0500000US42101,42101,"Philadelphia County, Pennsylvania",248795,4802,47883,4254,23641,2206,20146,2808,15448,1917,16699,2651,16671,2212,13428,2083,13789,2051,10307,1874,20919,2811,20632,2526,15638,2231,7262,1624,3422,1009,1790,741,1120,556
0500000US42133,42133,"York County, Pennsylvania",6414,1043,953,667,269,198,296,226,767,539,98,129,247,183,200,181,394,292,341,287,686,427,515,281,289,211,928,570,0,242,244,261,187,186
0500000US44007,44007,"Providence County, Rhode Island",16094,1282,2796,914,496,365,476,332,1700,646,817,481,1267,548,1068,461,311,287,554,407,1209,597,1707,671,1501,777,1035,449,452,373,634,481,71,117
0500000US45003,45003,"Aiken County, South Carolina",14187,1294,2473,910,2207,884,1686,735,442,247,876,442,1132,558,735,360,287,279,670,484,1258,637,713,437,814,441,287,274,211,205,198,184,198,171
0500000US45007,45007,"Anderson County, South Carolina",10601,1746,1734,612,1003,417,848,549,1242,533,799,444,387,298,257,280,704,405,580,320,937,508,806,408,403,385,707,369,0,287,0,287,194,248
0500000US45013,45013,"Beaufort County, South Carolina",12060,1231,1922,744,1189,656,921,671,1301,619,1031,612,1173,682,635,500,504,429,510,369,561,440,922,551,463,444,500,429,321,420,0,287,107,148
0500000US45015,45015,"Berkeley County, South Carolina",13635,1476,2196,1076,864,519,1542,782,1201,618,787,500,629,470,531,402,1122,640,546,442,806,472,1676,819,834,396,356,244,425,372,0,287,120,134
0500000US45019,45019,"Charleston County, South Carolina",39074,1840,7383,1316,3837,1169,3544,976,3522,946,2020,714,2538,758,1735,673,1851,777,1927,935,2122,761,3178,1039,3229,1070,983,585,533,329,132,166,540,497
0500000US45031,45031,"Darlington County, South Carolina",10154,967,1413,580,1987,624,236,206,809,431,836,527,830,432,713,409,155,193,704,468,459,284,954,553,808,531,0,287,250,391,0,287,0,287
0500000US45035,45035,"Dorchester County, South Carolina",9639,1009,1068,549,1412,748,761,489,274,247,0,287,771,446,436,353,287,242,351,312,855,638,1633,727,1372,556,310,230,109,129,0,287,0,287
0500000US45041,45041,"Florence County, South Carolina",18812,1161,2678,796,1936,720,2117,802,1401,498,1008,473,1833,706,1998,764,1181,585,771,439,825,412,1543,705,349,254,587,527,415,361,125,151,45,57
0500000US45045,45045,"Greenville County, South Carolina",31385,1717,4981,1224,3491,889,2994,857,3158,1150,2389,863,2579,854,960,393,1791,769,522,428,2373,818,1851,728,2344,808,786,383,669,534,497,417,0,287
0500000US45047,45047,"Greenwood County, South Carolina",7314,914,1342,612,825,454,404,349,453,325,500,367,701,455,819,683,390,323,0,287,618,547,675,446,82,145,340,252,0,287,84,142,81,134
0500000US45051,45051,"Horry County, South Carolina",14411,1108,2485,852,1170,804,2033,932,1827,1389,685,434,848,617,703,424,840,579,693,603,849,523,1159,713,971,738,106,183,0,287,0,287,42,75
0500000US45059,45059,"Laurens County, South Carolina",6857,763,881,488,460,353,434,284,333,251,867,475,486,368,626,345,701,514,310,300,447,309,811,490,381,288,49,82,71,121,0,287,0,287
0500000US45063,45063,"Lexington County, South Carolina",13420,1196,2295,951,973,598,1170,820,1084,619,834,374,1582,890,1108,547,576,437,435,387,589,438,496,458,1322,758,218,214,120,141,503,491,115,147
0500000US45075,45075,"Orangeburg County, South Carolina",20677,1426,5660,1360,1515,539,2213,799,1122,428,1243,570,1403,596,1590,793,442,318,431,375,1821,729,1042,438,974,435,548,325,96,122,577,420,0,287
0500000US45079,45079,"Richland County, South Carolina",61436,2364,7521,1576,4030,1216,4460,1381,3579,907,3795,923,3573,871,4517,1285,3359,978,3007,969,5472,1300,6452,1512,6030,1296,2362,801,1904,777,1005,439,370,281
0500000US45083,45083,"Spartanburg County, South Carolina",22434,1228,3128,844,1903,604,2264,761,1231,627,1685,779,2040,829,2425,966,774,455,928,673,1372,604,1493,529,1760,805,587,444,480,317,285,249,79,112
0500000US45085,45085,"Sumter County, South Carolina",19420,1140,3401,927,1299,778,1418,672,2476,839,1834,626,912,559,1742,796,803,491,645,515,823,483,2436,894,752,351,506,410,256,255,117,134,0,287
0500000US45091,45091,"York County, South Carolina",14977,1043,1628,740,914,426,1349,625,1311,598,1297,524,867,487,967,596,814,459,1425,688,819,403,1384,652,991,409,664,414,297,276,250,332,0,287
0500000US47037,47037,"Davidson County, Tennessee",62710,2617,8502,1720,6421,1420,4251,1190,4415,1194,3465,951,4285,1010,3152,1011,3796,1038,3894,1211,5101,1045,5553,1079,5637,1186,2504,686,621,402,357,253,756,534
0500000US47065,47065,"Hamilton County, Tennessee",26845,1517,4587,1317,1824,666,2588,929,2771,842,3131,905,1978,836,2073,827,1365,587,952,534,1165,507,1726,824,1664,689,645,321,94,127,111,134,171,195
0500000US47093,47093,"Knox County, Tennessee",16625,1552,4654,1326,1333,603,2536,1047,662,443,1260,797,968,537,576,365,434,325,801,501,462,306,1186,620,821,557,394,331,185,201,167,175,186,180
0500000US47113,47113,"Madison County, Tennessee",11662,1008,1794,714,944,515,1003,611,781,441,1689,724,444,308,264,231,1158,584,369,345,766,495,909,522,818,449,559,355,61,106,21,42,82,140
0500000US47119,47119,"Maury County, Tennessee",4094,636,532,333,427,333,456,395,293,259,265,227,362,306,154,109,305,240,0,281,548,348,320,356,432,298,0,281,0,281,0,281,0,281
0500000US47125,47125,"Montgomery County, Tennessee",12919,1182,1447,586,1491,910,921,539,547,528,659,475,494,362,633,453,684,591,567,472,1303,881,1926,782,820,437,1130,481,0,281,297,326,0,281
0500000US47149,47149,"Rutherford County, Tennessee",11366,1202,1211,733,551,466,727,529,1099,644,492,348,560,471,1018,532,686,399,566,359,1257,492,1049,647,1067,514,478,400,298,213,247,236,60,107
0500000US47157,47157,"Shelby County, Tennessee",163451,3380,21086,2569,15464,1963,14376,2213,12233,2036,11321,1887,10670,1897,10356,1647,9053,1661,6931,1475,14887,2081,13072,1999,12826,1919,6312,1366,1949,603,1781,716,1134,554
0500000US48027,48027,"Bell County, Texas",20829,1463,1588,632,914,390,1365,665,1232,557,1621,919,996,563,1685,884,1117,476,1414,675,1750,741,3206,1137,2013,665,1524,755,362,415,42,71,0,291
0500000US48029,48029,"Bexar County, Texas",41618,2156,5484,1093,4347,1153,2072,601,3008,944,1921,860,2532,889,2410,829,1886,663,2391,836,2423,869,3184,886,5224,1216,1914,752,1108,480,1280,563,434,260
0500000US48037,48037,"Bowie County, Texas",7505,962,1266,550,837,503,557,455,686,469,1029,615,536,428,450,354,694,532,127,221,311,298,100,122,82,104,513,381,0,291,317,312,0,291
0500000US48039,48039,"Brazoria County, Texas",10055,895,300,303,212,227,467,481,389,339,111,117,763,529,85,141,228,240,491,370,598,376,1526,720,1773,581,1604,682,703,472,561,305,244,241
0500000US48041,48041,"Brazos County, Texas",6624,734,1701,613,511,390,895,546,501,377,363,304,315,271,359,323,150,177,529,350,212,227,292,235,460,284,336,316,0,291,0,291,0,291
0500000US48085,48085,"Collin County, Texas",21252,1544,1153,637,1034,520,1314,632,370,329,1841,1077,673,526,880,531,1949,843,857,529,1557,727,2733,1041,2545,785,2169,760,946,489,600,317,631,399
0500000US48113,48113,"Dallas County, Texas",179667,4870,26434,2574,13452,1789,10616,1533,12765,2174,14023,2045,11386,1665,10271,1950,9570,1532,8043,1604,15670,1980,14284,1954,17146,2165,8159,1519,4016,1163,2264,774,1568,740
0500000US48121,48121,"Denton County, Texas",14860,1178,518,374,541,357,587,436,587,407,636,461,629,441,980,605,1055,576,988,473,1417,527,1680,633,1823,625,702,497,1301,659,827,462,589,392
0500000US48139,48139,"Ellis County, Texas",4658,665,610,529,519,286,318,275,211,223,505,653,444,373,257,240,159,132,127,122,98,108,321,237,407,274,426,317,68,91,114,129,74,122
0500000US48141,48141,"El Paso County, Texas",8634,881,1159,656,548,525,618,479,279,293,662,466,430,290,326,360,584,432,627,386,1030,548,650,343,515,390,374,281,279,351,0,291,553,455
0500000US48157,48157,"Fort Bend County, Texas",29402,1656,1423,689,719,405,724,404,1468,663,1757,708,1332,570,1532,612,1076,478,1303,643,2501,602,3614,879,4264,881,2846,824,1578,536,2265,606,1000,431
0500000US48167,48167,"Galveston County, Texas",14457,1114,3101,967,827,465,859,386,586,349,803,562,794,453,476,305,846,415,743,390,532,336,1784,793,1366,573,583,405,644,502,297,310,216,210
0500000US48183,48183,"Gregg County, Texas",8100,759,849,339,443,282,707,332,523,383,745,433,398,277,268,272,534,437,470,336,647,439,1042,435,791,468,147,138,162,191,162,204,212,253
0500000US48201,48201,"Harris County, Texas",266216,5173,31818,2750,21350,2321,17646,2349,18569,2661,15859,2319,18352,2055,14120,2099,14800,2055,12103,1942,25854,2730,24726,2993,22730,2721,12991,1842,7278,1373,5486,1213,2534,836
0500000US48245,48245,"Jefferson County, Texas",30162,4899,3891,1889,3219,831,2053,699,2292,634,2739,976,2228,852,1701,791,1871,1185,1064,646,2083,969,2967,910,1828,796,1082,621,258,204,655,398,231,313
0500000US48257,48257,"Kaufman County, Texas",2902,637,312,208,52,64,281,246,0,291,146,188,55,75,199,150,318,279,181,165,181,187,217,209,393,275,332,242,135,160,100,167,0,291
0500000US48303,48303,"Lubbock County, Texas",6190,713,498,320,525,301,852,494,439,457,634,379,331,258,277,260,293,269,183,185,747,469,777,405,223,226,84,136,234,341,93,121,0,291
0500000US48309,48309,"McLennan County, Texas",12909,1438,3367,1016,1332,564,1357,709,920,500,867,432,561,404,365,377,248,226,645,439,1622,551,342,254,872,389,411,383,0,291,0,291,0,291
0500000US48339,48339,"Montgomery County, Texas",5764,770,325,371,547,309,256,249,283,240,227,254,433,389,0,291,542,509,102,125,396,295,741,586,1152,576,204,206,327,331,84,139,145,172
0500000US48423,48423,"Smith County, Texas",11839,1101,1942,687,1415,597,1075,512,1116,553,809,457,304,288,666,543,742,452,650,527,817,351,683,318,944,513,177,117,145,172,257,268,97,160
0500000US48439,48439,"Tarrant County, Texas",89317,2674,9967,1650,6937,1363,5359,1208,5511,1357,6686,1685,5198,1308,4545,1053,4539,1040,3350,985,6695,1227,9445,1543,10639,1752,5623,1170,2006,718,1642,521,1175,424
0500000US48453,48453,"Travis County, Texas",34356,1720,4957,1141,2295,829,1848,800,2395,839,2120,790,1733,644,1205,581,3159,1064,2065,851,2816,806,3717,1027,2688,847,1488,737,923,482,685,445,262,225
0500000US48491,48491,"Williamson County, Texas",7500,934,702,441,420,431,287,319,123,147,643,496,539,376,505,356,597,372,199,183,0,291,1361,627,1451,508,274,192,265,206,89,115,45,78
0500000US51041,51041,"Chesterfield County, Virginia",22950,1246,1056,664,1211,731,1094,569,534,298,582,401,1007,646,1737,755,1513,579,529,342,3867,1125,2143,589,2574,742,2285,697,1193,571,910,492,715,445
0500000US51059,51059,"Fairfax County, Virginia",34408,1726,1236,650,314,361,447,303,867,677,1735,863,1068,568,1103,627,1456,684,971,515,2381,753,4498,1184,5529,1453,4782,1409,2992,1026,2765,861,2264,760
0500000US51087,51087,"Henrico County, Virginia",29702,1590,1851,586,1299,550,1637,570,2300,863,1430,727,1753,653,1714,618,1355,533,1516,705,3390,981,3790,1125,3875,978,1898,699,1174,522,449,279,271,207
0500000US51107,51107,"Loudoun County, Virginia",7903,1091,200,202,346,400,197,182,0,285,120,142,0,285,368,320,170,244,267,206,752,553,1139,667,694,324,410,293,1148,661,1031,485,1061,566
0500000US51153,51153,"Prince William County, Virginia",24570,1460,714,419,105,172,721,493,1327,826,250,249,829,462,1118,703,1599,1012,1869,978,2573,1044,2686,913,3314,1087,2875,970,1494,561,1952,859,1144,445
0500000US51179,51179,"Stafford County, Virginia",6385,702,0,285,93,147,269,262,88,147,0,285,429,489,463,407,0,285,35,52,552,540,1316,702,953,392,968,505,605,399,387,230,227,204
0500000US51510,51510,"Alexandria city, Virginia",10599,1197,1238,679,555,396,807,646,200,189,140,144,591,456,698,492,190,171,159,182,1002,683,1525,564,1126,542,1081,598,797,655,443,339,47,83
0500000US51550,51550,"Chesapeake city, Virginia",24815,1441,1771,841,1894,732,1742,763,2273,957,1091,735,1187,556,1193,636,994,541,1146,742,2842,1021,2058,821,2527,750,3049,963,833,436,108,130,107,133
0500000US51650,51650,"Hampton city, Virginia",23743,1504,2871,779,1253,545,1163,562,2041,819,896,463,1740,799,2039,803,1394,562,907,547,1623,618,2326,799,3080,919,1082,404,515,385,515,267,298,266
0500000US51680,51680,"Lynchburg city, Virginia",7740,695,1182,508,664,376,322,267,878,455,653,395,574,445,71,86,548,385,351,234,585,393,1073,553,646,436,145,145,0,285,48,82,0,285
0500000US51700,51700,"Newport News city, Virginia",31043,1400,3739,1181,2498,866,2915,999,2754,877,1444,681,1805,744,2148,778,1449,493,1733,733,2514,735,2454,930,3056,950,1170,432,588,350,383,258,393,259
0500000US51710,51710,"Norfolk city, Virginia",38187,2229,5016,1123,3683,956,5055,1239,3539,1085,2549,808,2830,926,2006,823,3219,1202,1433,581,2717,830,2147,765,2321,949,783,402,484,348,352,335,53,90
0500000US51740,51740,"Portsmouth city, Virginia",18809,1373,2217,808,1651,642,1836,935,897,428,1396,682,1434,757,736,448,1216,556,1216,629,1344,546,1531,611,2281,675,828,393,136,125,90,145,0,285
0500000US51760,51760,"Richmond city, Virginia",38307,2173,6585,1593,3443,932,3192,996,4441,975,2955,862,2760,788,2413,597,2023,735,1750,703,2810,889,2838,927,1847,598,563,323,262,211,288,218,137,126
0500000US51770,51770,"Roanoke city, Virginia",10293,1000,1920,777,688,365,632,409,896,523,862,470,1370,624,712,441,288,234,762,449,744,476,843,440,439,281,82,103,55,91,0,285,0,285
0500000US51800,51800,"Suffolk city, Virginia",11962,897,1799,815,697,488,862,494,706,315,1326,570,707,413,531,336,424,270,373,293,693,320,723,370,1433,478,995,419,397,334,296,284,0,285
0500000US51810,51810,"Virginia Beach city, Virginia",30332,1991,1872,760,1373,614,1257,616,1728,754,1440,645,1737,822,2398,930,1765,812,2271,899,3000,858,4292,1188,4119,1141,1494,834,1021,591,313,283,252,288
0500000US53033,53033,"King County, Washington",40814,2412,4072,1255,3047,936,2404,1094,2995,1128,3081,1130,3132,1227,2446,969,2102,887,2488,901,3163,1143,2828,945,3903,1008,1890,634,929,451,1184,546,1150,539
0500000US53053,53053,"Pierce County, Washington",17597,1583,2420,764,1102,579,850,572,978,411,1219,626,1351,553,671,391,991,590,584,408,894,600,2164,780,1770,634,1611,699,547,473,353,254,92,128
0500000US54039,54039,"Kanawha County, West Virginia",5759,836,1303,691,628,454,69,93,499,291,554,425,745,575,302,198,270,231,76,124,595,427,241,223,428,395,49,84,0,265,0,265,0,265
0500000US55025,55025,"Dane County, Wisconsin",7027,1065,1329,503,418,357,751,516,697,379,613,423,504,349,381,396,178,237,281,342,246,267,816,579,457,310,234,176,0,216,59,102,63,105
0500000US55079,55079,"Milwaukee County, Wisconsin",84064,2564,13879,1775,7529,1440,7281,1228,7989,1491,5471,1118,5985,1107,4914,1270,4799,1053,4323,943,6299,1381,6434,1409,5097,1124,2412,717,799,385,606,322,247,178
0500000US55101,55101,"Racine County, Wisconsin",6514,1087,805,514,916,646,418,244,509,376,238,240,684,618,401,269,115,133,687,614,792,521,380,314,434,257,124,137,0,216,0,216,11,20
